symbol,as_of,screener_reason,screen_current_price,screen_market_cap,screen_volume_ratio,screen_change_5d,screen_avg_volume_20d,screen_avg_dollar_volume_20d
AEO,2026-09-10,Moomoo Stock Screening V2 coarse panic screen,14.53,2434840528.49,3.21,-0.12785,136407147.0,1981995845.9099998
AXGN,2026-09-10,Moomoo Stock Screening V2 coarse panic screen,41.85,2249919319.05,5.283,-0.13354,19461839.0,814477962.15
BHVN,2026-09-10,Moomoo Stock Screening V2 coarse panic screen,12.79,1931849958.99,3.208,-0.18483,70350512.0,899783048.4799999
BRZE,2026-09-10,existing tracked universe,23.725,2694790530.575,3.498,-0.27623,63248303.0,1500565988.6750002
BYDDY,2026-09-10,Moomoo Stock Screening V2 coarse panic screen,10.01,91263147625.65,2.508,-0.0808,21099176.0,211202751.76
CASY,2026-09-10,existing tracked universe,629.03,23249053848.01,5.097,-0.17978,9373893.0,5896459913.79
CFRUY,2026-09-10,Moomoo Stock Screening V2 coarse panic screen,21.12,124172990916.48,2.265,-0.09239,8895955.0,187882569.6
CHWY,2026-09-10,existing tracked universe,20.75,8339990416.75,2.687,-0.12521,150922386.0,3131639509.5
COO,2026-09-10,Moomoo Stock Screening V2 coarse panic screen,54.17,10300712275.98,5.142,-0.22314,57078583.0,3091946841.11
DLTR,2026-09-10,existing tracked universe,118.39,22213551098.61,2.05399,-0.10113,48586050.0,5752102459.5
GPK,2026-09-10,existing tracked universe,9.51,2815640659.23,2.033,-0.1235,88783588.0,844331921.88
GSHD,2026-09-10,existing tracked universe,56.4,2003097042.0,2.638,-0.17604,6099100.0,343989240.0
IBP,2026-09-10,existing tracked universe,210.54,5595979925.58,2.39299,-0.10079,5881587.0,1238309326.98
KMB,2026-09-10,Moomoo Stock Screening V2 coarse panic screen,98.48,32752383662.24,2.285,-0.08809,71930694.0,7083734745.12
M,2026-09-10,Moomoo Stock Screening V2 coarse panic screen,20.5,5354121243.0,2.45,-0.08563,122586062.0,2513014271.0
MMYT,2026-09-10,existing tracked universe,49.06,4614517957.72,2.965,-0.12595,8980163.0,440566796.78000003
MNDY,2026-09-10,Moomoo Stock Screening V2 coarse panic screen,85.17,3600486800.4,2.00599,-0.09815,24309782.0,2070464132.94
NAVN,2026-09-10,Moomoo Stock Screening V2 coarse panic screen,20.26,5275916588.18,6.1,-0.24684,65842116.0,1333961270.16
NUVB,2026-09-10,Moomoo Stock Screening V2 coarse panic screen,6.28,2205053903.24,2.07799,-0.09379,106527263.0,668991211.64
PINS,2026-09-10,existing tracked universe,18.28,10352202133.56,2.43699,-0.13976,217472118.0,3975390317.0400004
RCUS,2026-09-10,Moomoo Stock Screening V2 coarse panic screen,26.15,3329767782.4,2.045,-0.12395,25024663.0,654394937.4499999
REPL,2026-09-10,Moomoo Stock Screening V2 coarse panic screen,13.24,1247467954.16,2.669,-0.17146,47908205.0,634304634.2
RH,2026-09-10,Moomoo Stock Screening V2 coarse panic screen,134.02,2537421969.18,3.119,-0.09249,13977621.0,1873280766.42
SAIL,2026-09-10,existing tracked universe,17.58,9971077087.26,2.416,-0.0858,69907190.0,1228968400.1999998
TBBK,2026-09-10,existing tracked universe,50.03,2040564054.27,9.996,-0.22253,8130543.0,406771066.29
TTAN,2026-09-10,existing tracked universe,57.12,5510246619.36,12.52,-0.40157,47514351.0,2714019729.12
TYRA,2026-09-10,existing tracked universe,22.01,1313489427.39,6.567,-0.13003,15995378.0,352058269.78000003
UCBJY,2026-09-10,Moomoo Stock Screening V2 coarse panic screen,117.065,44569305685.06,2.892,-0.0832,825842.0,96677193.73
UI,2026-09-10,existing tracked universe,520.58,31509864580.98,2.365,-0.11281,3896190.0,2028278590.2
XERS,2026-09-10,existing tracked universe,7.71,1405689559.26,2.103,-0.0854,30617066.0,236057578.85999998
ZLAB,2026-09-10,Moomoo Stock Screening V2 coarse panic screen,24.17,2713474730.76,2.2,-0.08723,20798234.0,502693315.78000003
