day,open,high,low,close,volume
2025-08-06,39.32,39.32,38.68,38.72,646401.0
2025-08-07,34.48,35.075,33.17,34.08,1673189.0
2025-08-08,34.01,35.04,33.96,34.96,627580.0
2025-08-11,34.72,35.28,34.23,34.66,421144.0
2025-08-12,34.64,34.64,33.68,34.31,394985.0
2025-08-13,35.13,35.83,34.83,35.63,482918.0
2025-08-14,35.08,35.09,34.3647,34.93,292826.0
2025-08-15,35.53,36.08,35.08,35.73,272220.0
2025-08-18,36.4,36.77,35.56,35.69,562813.0
2025-08-19,35.48,36.16,35.25,35.44,320373.0
2025-08-20,34.44,34.48,33.31,33.5,734041.0
2025-08-21,33.65,34.49,33.5,33.99,526482.0
2025-08-22,34.18,35.16,34.1,35.04,456200.0
2025-08-25,35.11,35.45,33.995,34.03,325042.0
2025-08-26,34.17,34.61,34.03,34.28,242698.0
2025-08-27,33.5,33.8687,32.52,32.56,658013.0
2025-08-28,32.22,32.47,31.79,32.22,786968.0
2025-08-29,32.59,33.51,32.59,33.1,378293.0
2025-09-02,32.76,33.7,32.76,33.34,554145.0
2025-09-03,33.21,33.97,31.17,31.3,1093064.0
2025-09-04,29.65,30.19,28.71,30.0,657211.0
2025-09-05,31.04,31.23,30.46,30.76,925957.0
2025-09-08,31.95,32.1125,30.77,31.33,1411958.0
2025-09-09,31.39,31.73,30.92,31.49,774186.0
2025-09-10,30.59,30.91,26.665,28.4,2264616.0
2025-09-11,31.17,32.645,31.0952,32.48,2463867.0
2025-09-12,32.65,33.06,32.23,32.8,957964.0
2025-09-15,32.72,32.72,31.85,31.92,542129.0
2025-09-16,31.97,32.48,31.68,32.3,506971.0
2025-09-17,32.31,32.96,32.2,32.58,306069.0
2025-09-18,32.94,33.2,32.6,33.0,406381.0
2025-09-19,32.6,32.845,32.12,32.65,2054984.0
2025-09-22,32.14,33.46,32.09,33.15,451714.0
2025-09-23,32.61,32.99,32.015,32.07,589366.0
2025-09-24,32.56,33.13,32.31,32.49,407002.0
2025-09-25,31.975,32.12,31.31,31.63,338024.0
2025-09-26,31.35,32.0,31.155,31.62,383636.0
2025-09-29,32.22,33.16,31.82,32.93,615515.0
2025-09-30,33.97,34.63,33.81,33.89,582555.0
2025-10-01,33.95,34.52,33.745,34.44,310390.0
2025-10-02,34.72,34.72,33.775,33.85,379499.0
2025-10-03,33.94,34.07,33.32,33.75,504059.0
2025-10-06,33.72,34.06,33.26,33.31,316820.0
2025-10-07,33.38,33.55,32.8,32.89,268397.0
2025-10-08,33.24,33.97,33.08,33.69,557725.0
2025-10-09,33.65,33.65,32.38,32.7,449594.0
2025-10-10,32.34,32.7599,29.82,30.24,718227.0
2025-10-13,31.38,31.85,30.62,31.23,365661.0
2025-10-14,30.1,30.1,28.945,29.4,818040.0
2025-10-15,29.78,30.18,29.02,29.39,579136.0
2025-10-16,29.88,30.0,28.37,28.84,1371474.0
2025-10-17,28.4,28.83,27.81,28.29,947628.0
2025-10-20,28.28,28.93,28.09,28.74,888445.0
2025-10-21,28.98,29.77,28.89,29.15,442348.0
2025-10-22,28.95,29.49,28.8101,29.09,463115.0
2025-10-23,28.1,28.75,27.7,28.02,690317.0
2025-10-24,27.87,28.1125,26.06,26.32,1004936.0
2025-10-27,26.69,26.69,25.8201,26.34,1011129.0
2025-10-28,26.02,26.135,25.31,25.41,1411673.0
2025-10-29,25.62,25.76,25.13,25.32,994604.0
2025-10-30,26.18,26.475,25.45,25.52,1191991.0
2025-10-31,25.685,26.33,25.6,26.13,625922.0
2025-11-03,26.94,27.25,26.46,26.75,724479.0
2025-11-04,26.11,26.255,25.67,25.89,921733.0
2025-11-05,25.63,25.63,24.55,24.8,1229261.0
2025-11-06,23.16,24.44,21.68,23.15,2464144.0
2025-11-07,22.16,22.2,21.515,21.9,1005221.0
2025-11-10,22.23,22.23,21.25,21.89,1242886.0
2025-11-11,21.89,22.4,21.8,22.0,717578.0
2025-11-12,22.05,22.05,21.65,21.88,758391.0
2025-11-13,21.88,22.28,21.59,21.73,462055.0
2025-11-14,21.6,22.19,21.6,21.75,504333.0
2025-11-17,21.35,21.385,20.6,20.92,474569.0
2025-11-18,20.5,20.7199,20.25,20.48,427746.0
2025-11-19,20.38,20.555,20.13,20.5,517563.0
2025-11-20,20.65,21.0,20.07,20.21,1196216.0
2025-11-21,19.66,20.17,19.51,20.02,631530.0
2025-11-24,20.02,20.29,19.8005,19.93,2034318.0
2025-11-25,19.93,20.02,19.72,19.9,555926.0
2025-11-26,19.69,20.15,19.69,19.97,2423828.0
2025-11-28,20.39,20.465,19.98,20.41,211500.0
2025-12-01,20.16,20.29,19.82,19.88,687743.0
2025-12-02,19.57,19.8,19.4034,19.52,814587.0
2025-12-03,19.42,19.845,19.41,19.75,460601.0
2025-12-04,20.08,20.21,19.8081,19.95,921322.0
2025-12-05,20.15,20.22,19.4,19.5,1019407.0
2025-12-08,19.23,19.4978,18.78,19.05,885011.0
2025-12-09,19.0,19.01,18.61,18.7,801068.0
2025-12-10,18.47,18.47,18.06,18.28,571490.0
2025-12-11,17.91,18.38,17.765,17.82,755750.0
2025-12-12,18.28,18.67,17.72,17.77,852802.0
2025-12-15,17.68,17.725,17.25,17.34,723818.0
2025-12-16,17.14,17.33,16.82,17.0,1112278.0
2025-12-17,17.15,17.79,17.12,17.22,1389197.0
2025-12-18,17.87,18.08,17.14,17.18,1954291.0
2025-12-19,17.66,18.29,17.63,18.04,1423180.0
2025-12-22,17.7,18.02,17.56,17.71,756074.0
2025-12-23,17.71,18.095,17.37,17.48,607225.0
2025-12-24,18.39,19.01,18.25,18.58,594382.0
2025-12-26,18.5,18.54,18.02,18.33,495389.0
2025-12-29,17.67,17.9,17.5,17.82,522430.0
2025-12-30,17.67,17.97,17.53,17.63,371674.0
2025-12-31,17.5,17.7,17.18,17.64,574320.0
2026-01-02,17.43,17.5809,17.24,17.33,758740.0
2026-01-05,18.11,18.56,17.82,18.09,1008903.0
2026-01-06,18.41,18.97,18.14,18.2,714098.0
2026-01-07,19.14,19.32,18.81,19.03,1344754.0
2026-01-08,18.78,18.87,18.46,18.5,1463930.0
2026-01-09,18.53,19.16,18.46,18.55,695450.0
2026-01-12,18.62,18.62,18.01,18.39,628266.0
2026-01-13,18.91,19.1,18.66,18.72,694738.0
2026-01-14,19.51,19.83,19.39,19.61,1035520.0
2026-01-15,19.24,19.48,18.4006,18.82,993058.0
2026-01-16,18.67,18.86,18.42,18.58,516016.0
2026-01-20,18.4,19.14,18.4,18.91,588859.0
2026-01-21,18.91,19.005,18.43,18.84,733425.0
2026-01-22,18.47,18.84,18.14,18.37,881562.0
2026-01-23,18.24,18.3323,18.0,18.33,306637.0
2026-01-26,18.0,18.02,17.465,17.64,778276.0
2026-01-27,17.6,17.88,17.01,17.05,999788.0
2026-01-28,17.56,17.79,17.19,17.2,621326.0
2026-01-29,17.19,17.405,16.995,17.25,599702.0
2026-01-30,16.9,17.07,16.5,16.6,613057.0
2026-02-02,16.27,16.45,15.96,16.3,1417101.0
2026-02-03,16.69,17.19,16.17,16.43,823313.0
2026-02-04,16.6,17.135,16.57,17.0,1607267.0
2026-02-05,17.34,17.8627,16.9,16.98,823002.0
2026-02-06,17.11,18.01,16.96,18.0,650110.0
2026-02-09,17.97,18.8,17.64,18.44,521144.0
2026-02-10,18.67,20.0,18.655,19.55,894104.0
2026-02-11,18.95,19.065,18.56,19.03,397625.0
2026-02-12,18.69,19.1192,18.4,18.77,662120.0
2026-02-13,19.74,20.22,19.675,20.03,728393.0
2026-02-17,19.85,20.13,19.5,20.04,270100.0
2026-02-18,19.96,20.25,19.8,20.18,244585.0
2026-02-19,20.05,20.17,19.89,20.08,297607.0
2026-02-20,19.87,20.205,19.6,20.04,521028.0
2026-02-23,19.54,20.21,19.51,19.72,585922.0
2026-02-24,19.43,19.56,18.8,19.37,746110.0
2026-02-25,19.34,19.5,19.055,19.39,640501.0
2026-02-26,18.8,20.04,18.615,19.69,528403.0
2026-02-27,18.95,19.53,18.95,19.22,408938.0
2026-03-02,18.25,18.59,17.56,18.42,893545.0
2026-03-03,17.38,17.82,17.1,17.72,961368.0
2026-03-04,18.28,19.59,18.09,19.27,920696.0
2026-03-05,19.06,19.46,18.89,19.3,1148917.0
2026-03-06,19.18,19.73,19.02,19.54,720802.0
2026-03-09,19.21,19.26,18.76,19.12,537011.0
2026-03-10,19.41,19.78,19.31,19.46,333116.0
2026-03-11,19.22,19.4058,18.85,19.07,293770.0
2026-03-12,18.86,19.035,18.39,18.87,596949.0
2026-03-13,18.85,18.94,18.25,18.37,429214.0
2026-03-16,18.57,19.13,18.555,19.06,629091.0
2026-03-17,18.91,19.13,18.75,19.02,593937.0
2026-03-18,18.98,19.38,18.71,18.83,594005.0
2026-03-19,18.59,18.7,18.22,18.61,813938.0
2026-03-20,18.385,18.715,17.82,18.09,1622482.0
2026-03-23,17.88,18.09,17.52,17.61,1590469.0
2026-03-24,17.63,17.89,17.33,17.47,622480.0
2026-03-25,17.74,18.38,17.7,18.29,553016.0
2026-03-26,18.02,18.11,17.5,17.51,933047.0
2026-03-27,18.07,18.46,17.8503,18.0,691912.0
2026-03-30,17.91,18.07,17.73,17.85,383935.0
2026-03-31,17.81,18.845,17.52,18.81,595434.0
2026-04-01,19.89,20.78,19.89,20.34,1245903.0
2026-04-02,20.22,20.67,19.84,20.41,707426.0
2026-04-06,20.41,20.7,20.25,20.5,499500.0
2026-04-07,20.47,21.13,20.12,21.0,472467.0
2026-04-08,21.6,21.79,21.085,21.39,1071047.0
2026-04-09,21.16,21.38,20.515,20.74,1035946.0
2026-04-10,20.69,20.895,20.37,20.68,493385.0
2026-04-13,20.66,21.39,20.66,21.34,449266.0
2026-04-14,21.68,22.45,21.68,21.96,614838.0
2026-04-15,22.46,23.28,22.425,23.25,1401882.0
2026-04-16,23.2,23.81,23.06,23.5,1340925.0
2026-04-17,23.91,24.71,23.735,24.19,1451698.0
2026-04-20,24.14,25.28,24.13,25.25,1033918.0
2026-04-21,25.25,25.25,24.01,24.44,1424253.0
2026-04-22,24.17,24.17,22.795,22.87,820840.0
2026-04-23,22.05,22.2,21.475,21.88,745103.0
2026-04-24,22.66,23.08,22.43,22.77,498016.0
2026-04-27,22.11,22.63,21.87,21.88,252396.0
2026-04-28,21.84,22.49,21.725,22.14,1094192.0
2026-04-29,21.62,21.765,20.56,20.75,699952.0
2026-04-30,21.07,21.74,21.04,21.64,266449.0
2026-05-01,21.61,21.69,21.38,21.54,244793.0
2026-05-04,21.38,21.58,21.007,21.22,305579.0
2026-05-05,21.22,21.33,20.84,20.98,228259.0
2026-05-06,20.98,21.455,20.37,21.01,1055123.0
2026-05-07,20.53,21.15,18.9014,19.765,1269113.0
2026-05-08,19.43,19.4699,18.285,18.6,1255208.0
2026-05-11,19.39,21.09,19.31,19.59,984228.0
2026-05-12,19.83,19.83,19.3,19.53,464973.0
2026-05-13,19.2,20.52,18.83,20.47,759278.0
2026-05-14,20.19,20.5,19.55,20.33,1054784.0
2026-05-15,20.46,21.33,20.385,20.59,903114.0
2026-05-18,19.52,19.52,18.76,18.86,1649196.0
2026-05-19,18.75,18.85,18.22,18.37,626597.0
2026-05-20,18.33,18.89,18.03,18.81,834489.0
2026-05-21,18.38,19.18,18.38,19.1,427618.0
2026-05-22,18.38,18.765,18.38,18.61,390060.0
2026-05-26,18.57,18.59,18.25,18.45,557143.0
2026-05-27,18.45,18.78,18.3,18.69,716599.0
2026-05-28,18.04,18.66,17.845,18.48,959392.0
2026-05-29,18.05,18.05,17.6,17.69,913785.0
2026-06-01,17.6,17.6,17.02,17.09,914964.0
2026-06-02,17.25,17.3,16.3,17.15,1769012.0
2026-06-03,16.91,17.28,16.81,17.17,584341.0
2026-06-04,17.32,17.52,17.04,17.34,666205.0
2026-06-05,16.65,17.13,16.49,16.62,1694996.0
2026-06-08,16.86,16.86,16.34,16.48,1084399.0
2026-06-09,16.48,16.71,16.26,16.65,1380829.0
2026-06-10,16.99,17.91,16.95,17.26,1171343.0
2026-06-11,17.08,17.67,16.76,17.64,1005002.0
2026-06-12,17.26,17.39,16.965,17.07,1305390.0
2026-06-15,17.57,18.06,17.57,17.73,637971.0
2026-06-16,17.87,17.9569,17.62,17.73,354982.0
2026-06-17,17.65,18.11,17.195,17.88,1011606.0
2026-06-18,18.45,19.11,18.15,18.18,978130.0
2026-06-22,17.81,18.6,17.75,18.48,913247.0
2026-06-23,18.47,18.74,18.11,18.49,1669941.0
2026-06-24,18.45,18.7201,18.21,18.37,1132594.0
2026-06-25,18.73,18.8,18.3,18.52,717203.0
2026-06-26,18.21,18.22,17.23,18.0,1855223.0
2026-06-29,18.2,18.55,17.96,18.41,944910.0
2026-06-30,18.6,19.145,18.235,19.0,754802.0
2026-07-01,19.05,19.61,18.79,19.15,686357.0
2026-07-02,19.21,19.44,18.89,19.12,389153.0
2026-07-06,18.98,19.24,18.57,19.08,528677.0
2026-07-07,19.19,19.44,18.87,19.35,606067.0
2026-07-08,19.4,19.83,18.952,19.75,1353740.0
2026-07-09,19.66,20.305,19.66,19.98,935685.0
2026-07-10,20.27,20.9,19.9,20.49,1189829.0
2026-07-13,20.45,20.49,19.56,19.62,1459077.0
2026-07-14,19.65,20.49,19.27,19.3,491235.0
2026-07-15,19.65,20.68,19.53,20.44,959584.0
2026-07-16,20.49,20.89,20.4335,20.75,654372.0
2026-07-17,20.0,20.3,19.61,20.2,958633.0
2026-07-20,20.46,20.62,19.91,20.52,437149.0
2026-07-21,20.36,20.898,20.19,20.48,770729.0
2026-07-22,20.66,20.85,20.455,20.5,248418.0
2026-07-23,20.3,20.52,19.66,19.68,660434.0
2026-07-24,19.46,19.52,18.92,19.22,478119.0
2026-07-27,19.14,19.31,18.55,18.64,708637.0
2026-07-28,18.87,19.175,18.26,18.62,1136501.0
2026-07-29,18.33,18.53,18.1,18.31,577609.0
2026-07-30,18.28,18.3,17.92,18.21,332771.0
2026-07-31,18.23,18.77,17.97,18.27,353712.0
2026-08-03,18.3,18.44,18.15,18.18,324305.0
2026-08-04,18.39,18.78,18.31,18.49,290547.0
2026-08-05,18.51,18.535,18.22,18.37,195278.0
2026-08-06,19.05,21.8,18.845,20.88,1388631.0
2026-08-07,21.96,24.065,21.5786,23.32,2046149.0
2026-08-10,22.57,23.64,22.505,23.57,1698221.0
2026-08-11,23.54,26.66,23.54,26.0,3809572.0
2026-08-12,25.0,25.77,25.0,25.49,2182416.0
2026-08-13,26.21,26.382,25.7,26.03,1042216.0
2026-08-14,25.44,26.26,25.33,25.9,1234060.0
2026-08-17,25.25,25.92,24.77,25.64,1359116.0
2026-08-18,24.86,25.62,24.64,25.57,1630983.0
2026-08-19,25.82,27.5,25.82,26.72,1729450.0
2026-08-20,26.57,26.62,25.92,26.02,1386065.0
2026-08-21,26.25,26.29,25.7234,26.01,1002166.0
2026-08-24,25.43,25.96,25.25,25.64,1151368.0
2026-08-25,26.04,26.75,25.905,26.17,705452.0
2026-08-26,25.77,26.18,25.545,26.03,1140956.0
2026-08-27,27.12,27.2,26.575,26.82,597330.0
2026-08-28,26.45,26.45,25.8677,26.08,650041.0
2026-08-31,25.5,25.55,24.87,25.46,920145.0
2026-09-01,25.055,25.565,24.81,25.3,979939.0
2026-09-02,26.0,27.5,26.0,26.48,1056852.0
2026-09-03,26.85,27.135,26.32,27.0,585712.0
2026-09-04,26.48,26.49,25.46,26.23,812771.0
2026-09-08,25.74,26.5,25.37,25.41,711749.0
2026-09-09,25.45,25.57,25.05,25.08,491695.0
2026-09-10,24.01,24.66,23.64,24.17,1610168.0
