symbol,catalyst,catalyst_present,valuation_regime_break,valuation_reason,thesis_status,evidence,sources,confidence,needs_review,as_of
BRZE,None verified on or before 2026-09-09.,false,false,"Insufficient primary evidence to determine whether the selloff reflects a durable valuation-regime break; no filings, issuer releases, regulator decisions, official transcripts, or pricing data through 2026-09-09 were available.",uncertain,"2026-05-09: No local packet was supplied. | 2026-05-09: No SEC filings, issuer releases, regulator decisions, or official transcripts for BRZE were available in the prompt. | 2026-05-09: Current date precedes the requested as_of 2026-09-09, so events through 2026-09-09 cannot be verified. | 2026-09-09: No primary evidence retrieved on debt/refinancing, guidance revisions, dilution, going-concern language, litigation/regulatory events, accounting changes, or whether a near-term catalyst is already resolved.",,0.0,true,2026-09-09
CASY,None confirmed from primary sources dated on or before 2026-09-09.,false,false,"No primary evidence available on or before 2026-09-09 regarding a specific selloff, its cause, or whether it reflects a durable valuation-regime break. Missing evidence cannot support an intact thesis.",uncertain,,,0.0,true,2026-09-09
CHWY,None identified; no primary-source evidence for CHWY on or before 2026-09-09 was supplied or retrievable in this environment.,false,false,Insufficient primary evidence to determine whether any selloff reflects a temporary dislocation or a durable valuation-regime break.,uncertain,"2026-09-09: No local packet was supplied for CHWY, so no issuer filing, guidance revision, debt/refinancing update, dilution event, going-concern language, litigation/regulatory event, accounting change, or catalyst could be verified. | 2026-09-09: No post-2024-06 retrieval capability is available in this environment; therefore no CHWY facts first published between 2024-06 and 2026-09-09 can be confirmed or excluded with primary sources. | 2026-09-09: Absence of evidence is not treated as evidence of an intact thesis or a durable valuation-regime break.",https://www.sec.gov/edgar/search/#/q=CHWY | https://investor.chewy.com/,0.1,true,2026-09-09
COO,No specific dated near-term catalyst can be verified from primary sources on or before 2026-09-09; no local packet or company-specific pre-cutoff filing content was supplied.,false,false,"Insufficient primary-source evidence at the cutoff to establish a durable valuation-regime break rather than a temporary dislocation; this is a not-determined classification, not an affirmative view that valuation is intact.",uncertain,"No local packet was supplied, so no company-specific filing, issuer release, transcript, or price-action evidence dated on or before 2026-09-09 was available to assess COO. | SEC EDGAR CIK 0000711404 is the primary filing path for The Cooper Companies, Inc. (COO), but no specific pre-cutoff filing content was provided or reviewed. | Debt/refinancing, guidance revisions, dilution, going-concern language, litigation/regulatory events, accounting changes, and whether any catalyst was already resolved could not be verified from primary sources before the cutoff. | No facts first published after 2026-09-09 are included; missing evidence is not treated as supportive evidence.",https://www.sec.gov/cgi-bin/browse-edgar?action=getcompany&CIK=0000711404&type=10-Q&dateb=&owner=include&count=40 | https://www.sec.gov/cgi-bin/browse-edgar?action=getcompany&CIK=0000711404&type=10-K&dateb=&owner=include&count=40 | https://www.sec.gov/cgi-bin/browse-edgar?action=getcompany&CIK=0000711404&type=8-K&dateb=&owner=include&count=40 | https://investor.coopercos.com/,0.2,true,2026-09-09
DLTR,,false,false,"No primary evidence (10-K/10-Q/8-K, issuer release, transcript, or regulator filing) published on or before 2026-09-09 was retrievable in this run because no packet was supplied and no browsing/EDGAR retrieval was performed. A valuation-regime break versus a temporary dislocation cannot be distinguished without current financials, guidance language, and post-Family Dollar-divestiture segment economics. Absence of evidence is treated as insufficient, not as support for a rebound; the regime-break flag is therefore left false as unproven rather than affirmatively ruled out.",uncertain,"FACT (tooling): No local packet was supplied and no primary-source retrieval was executed, so no DLTR filing, earnings release, or transcript dated on or before 2026-09-09 was examined in this run. | FACT (source-of-record to be checked): Dollar Tree, Inc. files with the SEC under CIK 0000935703; the authoritative document set is https://www.sec.gov/cgi-bin/browse-edgar?action=getcompany&CIK=0000935703&type=10-K and the issuer IR page https://corporate.dollartree.com/investor-relations (not retrieved in this run). | INFERENCE: Because no filing text was reviewed, the required checks — debt/refinancing terms and covenants, guidance revisions (raise/cut/withdraw), share dilution or buyback authorization changes, going-concern or substantial-doubt language, litigation/regulatory actions (including FTC/CPSC and wage-and-hour matters), and accounting changes — are all UNVERIFIED rather than negative. | INFERENCE: The Family Dollar separation is a known structural event in DLTR's corporate history, but its closing terms, retained liabilities, lease/guarantee exposures, and resulting margin/leverage profile could not be confirmed against a primary source dated on or before 2026-09-09; no conclusion about post-separation earnings power is supportable here. | INFERENCE: No specific dated near-term catalyst (scheduled earnings date, investor day, court/regulatory decision date, or guidance reset) can be asserted without a primary confirmation dated on or before the cutoff; therefore catalyst_present is set false for lack of verified evidence, not for confirmed absence. | PROCESS: Per the review rules, missing or unverifiable evidence must not be converted into a constructive thesis; conflicting/stale/unretrievable sources require needs_review=true and thesis_status=uncertain.",https://www.sec.gov/cgi-bin/browse-edgar?action=getcompany&CIK=0000935703&type=10-K | https://www.sec.gov/cgi-bin/browse-edgar?action=getcompany&CIK=0000935703&type=8-K | https://www.sec.gov/cgi-bin/browse-edgar?action=getcompany&CIK=0000935703&type=10-Q | https://corporate.dollartree.com/investor-relations,0.15,true,2026-09-09
GPK,No dated near-term catalyst identified from primary sources publicly available on or before 2026-09-09.,false,false,"Insufficient evidence to determine whether any selloff reflects a durable valuation-regime break; no post-2024-06 primary filings or issuer releases were available to this assessment, and missing evidence is not treated as a positive signal.",uncertain,"No local packet was supplied for this assessment. | The assessment relies on public sources; the primary-source locator used is SEC EDGAR for Graphic Packaging Holding Co (CIK 0001408075). | No SEC filing, issuer release, or official transcript dated between 2024-06 and 2026-09-09 was retrievable in this workflow, so operating, debt/refinancing, guidance, dilution, going-concern, litigation, accounting, and catalyst-resolution checks could not be verified as of 2026-09-09. | The last verifiable primary-source period available to this assessment is before 2024-06-30, which is stale relative to the 2026-09-09 as-of date. | Missing evidence is treated as insufficient rather than as evidence of thesis intactness.",https://www.sec.gov/edgar/browse/?CIK=0001408075 | https://investors.graphicpkg.com/,0.8,true,2026-09-09
GSHD,,false,false,No retrieved primary evidence for GSHD on or before 2026-09-09; cannot determine whether any selloff reflects a durable valuation-regime break versus a temporary dislocation.,uncertain,"No local packet was supplied for this run; no GSHD SEC filing, issuer release, regulator decision, or official transcript dated on or before 2026-09-09 was available to verify the operating/valuation thesis. | Primary source location for GSHD is SEC EDGAR CIK 0001692376: https://www.sec.gov/edgar/browse/?CIK=1692376; no filing contents were retrieved in this workflow. | Debt/refinancing, guidance revisions, dilution, going-concern language, litigation/regulatory events, accounting changes, and catalyst-resolution status cannot be confirmed from the available evidence. | No specific dated near-term catalyst can be confirmed from primary sources in this workflow. | Because the evidence is insufficient, missing data is not treated as a positive signal; the correct classification is uncertain with review required.",https://www.sec.gov/edgar/browse/?CIK=1692376 | https://ir.gooseheadinsurance.com/,0.1,true,2026-09-09
IBP,None identified from available primary-source evidence on or before 2026-09-09.,false,true,"Insufficient primary-source evidence to distinguish a temporary dislocation from a durable valuation-regime break; no verified debt/refinancing, guidance, dilution, going-concern, litigation/regulatory, or accounting facts were retrieved for IBP on or before 2026-09-09.",uncertain,"2026-05-09: No local packet supplied; this run cannot retrieve current SEC filings or issuer releases, so IBP primary-source facts on or before 2026-09-09 are unverified. | 2026-05-09 is before the requested 2026-09-09 as_of date; any documents published between 2026-05-09 and 2026-09-09 are outside this run's visibility. | No dated near-term catalyst (earnings, debt maturity, regulatory decision, guidance event) was identified from available evidence. | Known issuer mapping: IBP is Installed Building Products, Inc.; SEC EDGAR CIK 0001580905 is the primary-source starting point, but filings were not retrieved in this run.",https://www.sec.gov/edgar/browse/?CIK=0001580905 | https://www.sec.gov/cgi-bin/browse-edgar?action=getcompany&CIK=0001580905&type=10-K&dateb=&owner=include&count=40 | https://investors.installedbuildingproducts.com/,0.1,true,2026-09-09
MMYT,,false,false,No primary evidence dated on or before 2026-09-09 was supplied or verifiable from the packet; therefore it is not possible to distinguish a temporary dislocation from a durable valuation-regime break. Missing evidence is not treated as supportive.,uncertain,"No local packet was supplied, and no SEC filing, issuer release, regulator decision, or official transcript dated on or before 2026-09-09 was available for review. | MMYT is a foreign private issuer; primary disclosures would appear in SEC EDGAR 20-F/6-K filings and MakeMyTrip investor-relations releases, but none were provided or verified in the packet. | There is insufficient evidence to assess debt/refinancing, guidance revisions, dilution, going-concern language, litigation/regulatory events, accounting changes, or whether any near-term catalyst is already resolved. | Any inference about a panic rebound or durable valuation-regime break would be speculative because no dated price, operating, or filing evidence on or before 2026-09-09 was supplied.",https://www.sec.gov/cgi-bin/browse-edgar?action=getcompany&CIK=0001495153&type=6-K&dateb=&owner=include&count=40 | https://www.sec.gov/cgi-bin/browse-edgar?action=getcompany&CIK=0001495153&type=20-F&dateb=&owner=include&count=40 | https://investors.makemytrip.com/,0.05,true,2026-09-09
PINS,No specific dated near-term catalyst identified from available primary sources on or before 2026-09-09.,false,false,Insufficient primary evidence to conclude the selloff is a durable valuation-regime break. No local packet and no retrievable PINS primary filings dated on or before 2026-09-09 were available; missing evidence is not treated as supportive.,uncertain,"Fact: No local packet was supplied for this assessment as of 2026-09-09. | Fact: This environment provided no live web retrieval; only general primary-source landing pages were available. | Inference: Without dated 2025-2026 PINS SEC filings or issuer releases, operating trends, guidance revisions, debt/refinancing, dilution, going-concern language, litigation/regulatory events, and accounting changes cannot be verified. | Inference: A selloff alone does not establish a durable valuation-regime break without primary evidence; the catalyst status and thesis condition remain unresolved. | Fact: No specific near-term catalyst date—such as an earnings date, investor day, or regulatory decision—was identified from primary sources on or before 2026-09-09.",https://www.sec.gov/edgar/browse/?CIK=1503593 | https://investor.pinterestinc.com/financials/quarterly-results/default.aspx,0.2,true,2026-09-09
SAIL,None identified from available evidence as of 2026-09-09.,false,false,Insufficient primary-source evidence to determine whether the selloff reflects a durable valuation-regime break rather than a temporary dislocation; not established.,uncertain,"Fact: No local packet was supplied in the request. | Fact: No SEC filing, issuer release, regulator decision, or official transcript was provided for SAIL within the 2026-09-09 cutoff. | Inference: Without primary-source evidence, debt/refinancing, guidance revisions, dilution, going-concern language, litigation/regulatory events, accounting changes, and catalyst resolution cannot be verified. | Inference: The cause and durability of any selloff in SAIL cannot be classified as a temporary dislocation or a valuation-regime break on the available evidence.",https://www.sec.gov/edgar/search/#/q=SAIL | https://www.sec.gov/cgi-bin/browse-edgar?action=getcompany&company=sailpoint&type=10-Q&dateb=20260909&owner=include&count=40 | https://www.sec.gov/cgi-bin/browse-edgar?action=getcompany&company=sailpoint&type=8-K&dateb=20260909&owner=include&count=40,0.2,true,2026-09-09
TBBK,,false,false,Insufficient evidence to determine whether the selloff reflects a durable valuation-regime break; no primary-source packet or filings for TBBK as of 2026-09-09 were retrieved.,uncertain,"No local packet was supplied. | System current date is 2026-05-09; no public information first published between 2026-05-10 and 2026-09-09 is available. | No SEC filings, issuer releases, regulator decisions, or official transcripts for TBBK as of the requested 2026-09-09 date were retrieved. | Missing evidence cannot be treated as positive; thesis remains uncertain.",https://www.sec.gov/edgar/browse/?CIK=0001295401,0.0,true,2026-09-09
TTAN,None identified as of 2026-09-09,false,false,"Insufficient primary-source evidence to determine whether the selloff reflects a durable valuation-regime break; no verified SEC filings, issuer releases, or official transcripts were available for TTAN on or before 2026-09-09.",uncertain,"No local packet was supplied for TTAN. | No primary-source SEC filing, issuer release, or official transcript for ticker TTAN was available in the provided packet or retrievable in this environment. | Ticker TTAN could not be matched with certainty to a U.S. public operating company using the information available; ticker ambiguity remains. | No verifiable dated near-term catalyst (earnings, regulator decision, financing, guidance revision, etc.) can be identified for TTAN as of 2026-09-09. | Debt/refinancing terms, dilution risk, going-concern language, litigation/regulatory events, and accounting changes could not be verified. | Because no primary evidence was available, the selloff cannot be classified as either a temporary dislocation or a durable valuation-regime break.",,0.1,true,2026-09-09
TYRA,No specific dated near-term catalyst can be confirmed from primary sources available on or before 2026-09-09; the assessment is limited by the absence of a local packet and inability to verify 2026 events.,false,false,Insufficient primary evidence to determine whether any selloff reflects a durable valuation-regime break rather than a temporary dislocation; absence of evidence is not treated as a positive signal.,uncertain,"No local packet was supplied. | No primary-source documents dated on or before 2026-09-09 were available in the assessment environment to verify TYRA operating/valuation thesis, debt/refinancing, guidance revisions, dilution, going-concern language, litigation/regulatory events, accounting changes, or catalyst status. | Knowledge cutoff limits verification of post-2024 events, so 2026-specific developments cannot be confirmed as of 2026-09-09.",https://www.sec.gov/edgar/browse/?CIK=TYRA | https://ir.tyrabio.com/,0.15,true,2026-09-09
UI,"None identified from primary sources available to this run as of 2026-09-09; no verified dated near-term catalyst (e.g., earnings date, regulatory decision, refinancing deadline) was supplied.",false,false,"Not established. With no primary-source packet or verified SEC/issuer/regulator/transcript evidence, the selloff cannot be classified as a durable valuation-regime break rather than a temporary dislocation. Missing evidence is not treated as a positive view; classification remains uncertain.",uncertain,"No local packet was supplied for UI. | No primary sources (SEC filings, issuer releases, regulator decisions, official transcripts) were retrieved or provided in this run. | Unable to verify debt/refinancing, guidance revisions, dilution, going-concern language, litigation/regulatory events, accounting changes, or whether any catalyst was already resolved. | No dated UI-specific fact within the 2026-09-09 cutoff could be independently confirmed.",,0.1,true,2026-09-09
XERS,None identified within accessible pre-cutoff primary evidence,false,false,Insufficient primary evidence as of 2026-09-09 to determine whether the selloff reflects a durable valuation-regime break or a temporary dislocation.,uncertain,"No local packet supplied and no live primary-source retrieval available; cutoff-compliant verification of XERS operating/valuation thesis cannot be completed. | No dated near-term catalyst or resolution status could be confirmed from primary sources available on or before 2026-09-09. | Debt/refinancing, guidance revisions, dilution, going-concern language, litigation/regulatory events, and accounting changes remain unverified due to insufficient evidence.",,0.1,true,2026-09-09
