symbol,day,iv,iv_rank,iv_percentile,iv_change,hv,hv_change,put_call_volume_ratio,put_call_open_interest_ratio,source
AEO,2026-09-10,0.49003,0.12298999999999999,0.01984,-0.35339,0.68314,0.42542,0.67968,0.66642,moomoo_option_underlying_rank
AXGN,2026-09-10,0.53765,0.15544,0.11903999999999999,-0.02673,0.63661,0.3231,0.01682,0.06323,moomoo_option_underlying_rank
BHVN,2026-09-10,0.8325400000000001,0.057190000000000005,0.10714,0.03327,0.96878,0.22311,0.70463,0.28892,moomoo_option_underlying_rank
BRZE,2026-09-09,0.64468,0.32279,0.2619,-0.29225999999999996,1.05592,0.57208,0.82978,0.31378,moomoo_option_underlying_rank
BRZE,2026-09-10,0.63044,0.30085999999999996,0.25396,-0.02207,1.06087,0.00469,4.30827,0.32993,moomoo_option_underlying_rank
CASY,2026-09-09,0.2908,0.26005,0.29761,-0.36605,0.60716,0.71674,0.67782,0.88757,moomoo_option_underlying_rank
CASY,2026-09-10,0.34023000000000003,0.45853,0.48808999999999997,0.16998999999999997,0.60619,-0.0016,0.94333,0.71639,moomoo_option_underlying_rank
CHWY,2026-09-09,0.4677,0.26926,0.28174,-0.24409,0.54854,0.36892,0.81409,0.67924,moomoo_option_underlying_rank
CHWY,2026-09-10,0.46019,0.25273,0.27777,-0.01606,0.5527799999999999,0.00772,0.84786,0.65351,moomoo_option_underlying_rank
COO,2026-09-09,0.75325,1.0,1.0,0.7308,0.28975,0.21392,1.58125,0.21067,moomoo_option_underlying_rank
COO,2026-09-10,0.32718,0.14725,0.15872999999999998,-0.5656300000000001,0.58948,1.0344,2.18852,0.65367,moomoo_option_underlying_rank
DLTR,2026-09-09,0.34976,0.18027,0.1746,0.03071,0.39387,0.08216,0.49354,0.69727,moomoo_option_underlying_rank
DLTR,2026-09-10,0.33151,0.12624000000000002,0.07142,-0.052169999999999994,0.39386000000000004,-2e-05,0.5676,0.70847,moomoo_option_underlying_rank
GPK,2026-09-09,1.28673,0.8689,0.97619,0.20803000000000002,0.41802999999999996,0.028229999999999998,2.31645,0.10869,moomoo_option_underlying_rank
GPK,2026-09-10,0.62617,0.35494,0.58333,-0.51335,0.41540999999999995,-0.00625,0.48437,0.11262,moomoo_option_underlying_rank
GSHD,2026-09-09,0.64237,0.37845999999999996,0.51587,0.08417,0.51912,0.31887,0.02243,0.22001,moomoo_option_underlying_rank
GSHD,2026-09-10,0.6157900000000001,0.34313000000000005,0.4365,-0.04137,0.51566,-0.0066500000000000005,0.66666,0.21853,moomoo_option_underlying_rank
IBP,2026-09-09,0.46952,0.35201,0.38095,0.03857,0.48128,0.16571999999999998,0.0,1.47091,moomoo_option_underlying_rank
IBP,2026-09-10,0.46953,0.35207,0.38095,3e-05,0.43964,-0.08651,0.25,1.50415,moomoo_option_underlying_rank
KMB,2026-09-10,0.23795000000000002,0.43784999999999996,0.25396,-0.03717,0.24273,-0.00822,2.28618,0.63184,moomoo_option_underlying_rank
M,2026-09-10,0.38553,0.07356,0.027770000000000003,-0.27386,0.33594,0.10898999999999999,0.91624,0.99709,moomoo_option_underlying_rank
MMYT,2026-09-09,0.5620499999999999,0.40501,0.54761,-0.038919999999999996,0.40818,0.45194,10.61764,0.35467,moomoo_option_underlying_rank
MMYT,2026-09-10,0.7025,0.61836,0.7976099999999999,0.24989999999999998,0.40462000000000004,-0.00871,281.66666,0.41853,moomoo_option_underlying_rank
MNDY,2026-09-10,0.64668,0.30804,0.30158,-0.00178,0.76579,0.02862,0.77075,1.15855,moomoo_option_underlying_rank
NAVN,2026-09-10,0.70608,0.02902,0.01941,-0.30735,0.94949,1.04893,0.50991,0.38738,moomoo_option_underlying_rank
NUVB,2026-09-10,0.85706,0.11044000000000001,0.22222,0.00768,0.57359,0.0005899999999999999,0.33226,0.57357,moomoo_option_underlying_rank
PINS,2026-09-09,0.46921,0.26065,0.33332999999999996,0.0409,0.46826,0.22922,0.99629,0.73845,moomoo_option_underlying_rank
PINS,2026-09-10,0.47043,0.26305,0.33332999999999996,0.0026,0.48642,0.03879,0.26441,0.72824,moomoo_option_underlying_rank
RCUS,2026-09-10,0.62804,0.041440000000000005,0.04365,-0.14678000000000002,0.45155999999999996,0.31755,2.15384,0.37141,moomoo_option_underlying_rank
REPL,2026-09-10,0.6611400000000001,0.021269999999999997,0.01593,-0.04687,0.72708,0.10747,1.29408,0.28484,moomoo_option_underlying_rank
RH,2026-09-10,0.8345,0.6307699999999999,0.74206,0.0885,0.48918999999999996,0.015780000000000002,1.43203,0.95867,moomoo_option_underlying_rank
SAIL,2026-09-09,0.6577,0.33059,0.27777,-0.26719000000000004,0.71942,-0.020870000000000003,0.40759,0.51703,moomoo_option_underlying_rank
SAIL,2026-09-10,0.66598,0.34103,0.28968,0.012580000000000001,0.71821,-0.00168,0.11637,0.48548,moomoo_option_underlying_rank
TBBK,2026-09-09,0.5597099999999999,0.6427700000000001,0.9246,0.46198,0.89266,2.91921,0.34097,0.27312,moomoo_option_underlying_rank
TBBK,2026-09-10,0.56516,0.6572499999999999,0.92857,0.00974,0.89196,-0.00078,0.53333,0.27747,moomoo_option_underlying_rank
TTAN,2026-09-09,0.69081,0.64712,0.6746,-0.1209,1.36225,1.26744,0.82197,0.37191,moomoo_option_underlying_rank
TTAN,2026-09-10,0.61992,0.5186999999999999,0.40873,-0.10260999999999999,1.35558,-0.0049,0.36718,0.41397,moomoo_option_underlying_rank
TYRA,2026-09-09,0.8755200000000001,0.19263000000000002,0.34523000000000004,-0.53283,0.94406,0.43067,1.05594,0.24314,moomoo_option_underlying_rank
TYRA,2026-09-10,0.88227,0.19689,0.36111,0.0077,0.97069,0.0282,1.20408,0.42784,moomoo_option_underlying_rank
XERS,2026-09-09,0.41587,0.06634000000000001,0.03571,-0.5458500000000001,0.44669,0.53996,0.81167,0.13805,moomoo_option_underlying_rank
XERS,2026-09-10,0.33631999999999995,0.02488,0.011899999999999999,-0.19128,0.40710999999999997,-0.0886,0.02255,0.17077,moomoo_option_underlying_rank
ZLAB,2026-09-10,0.82214,0.42523000000000005,0.70238,0.08889,0.3911,-0.22993,5.51428,1.86342,moomoo_option_underlying_rank
