symbol,day,short_interest,short_interest_5d_ago,short_interest_date,previous_short_interest_date,short_volume_ratio,short_volume_ratio_20d_avg,short_volume_date
BRZE,2026-09-10,0.0,0.0,2026-08-31,2026-08-14,0.15115,0.19079999999999997,2026-09-10
CASY,2026-09-10,0.0,0.0,2026-08-31,2026-08-14,0.11434,0.1359,2026-09-10
CHWY,2026-09-10,0.0,0.0,2026-08-14,2026-07-31,0.16412,0.2304,2026-09-10
COO,2026-09-10,0.0,0.0,2026-08-31,2026-08-14,0.09624,0.1623,2026-09-10
DLTR,2026-09-10,0.0,0.0,2026-08-31,2026-08-14,0.24826,0.1696,2026-09-10
GPK,2026-09-10,0.0,0.0,2026-08-14,2026-07-31,0.16457999999999998,0.17079999999999998,2026-09-10
GSHD,2026-09-10,0.0,0.0,2026-08-31,2026-08-14,0.14856999999999998,0.2289,2026-09-10
IBP,2026-09-10,0.0,0.0,2026-08-14,2026-07-31,0.20149,0.21660000000000001,2026-09-10
MMYT,2026-09-10,0.0,0.0,2026-08-31,2026-08-14,0.14482,0.1967,2026-09-10
PINS,2026-09-10,0.0,0.0,2026-08-14,2026-07-31,0.14809,0.1769,2026-09-10
SAIL,2026-09-10,0.0,0.0,2026-08-31,2026-08-14,0.20701,0.223,2026-09-10
TBBK,2026-09-10,0.0,0.0,2026-08-31,2026-08-14,0.11577,0.16579999999999998,2026-09-10
TTAN,2026-09-10,0.0,0.0,2026-08-31,2026-08-14,0.11069000000000001,0.1472,2026-09-10
TYRA,2026-09-10,0.0,0.0,2026-08-31,2026-08-14,0.12721,0.1775,2026-09-10
UI,2026-09-10,0.0,0.0,2026-08-14,2026-07-31,0.14194,0.18,2026-09-10
XERS,2026-09-10,0.0,0.0,2026-08-31,2026-08-14,0.16744,0.19,2026-09-10
AEO,2026-09-10,0.0,0.0,2026-08-14,2026-07-31,0.11924,0.1653,2026-09-10
AXGN,2026-09-10,0.0,0.0,2026-08-31,2026-08-14,0.10426,0.1698,2026-09-10
BHVN,2026-09-10,0.0,0.0,2026-08-14,2026-07-31,0.12969,0.1891,2026-09-10
KMB,2026-09-10,0.0,0.0,2026-08-31,2026-08-14,0.14737,0.1818,2026-09-10
M,2026-09-10,0.0,0.0,2026-08-14,2026-07-31,0.23797999999999997,0.2236,2026-09-10
MNDY,2026-09-10,0.0,0.0,2026-08-31,2026-08-14,0.11039,0.1475,2026-09-10
NAVN,2026-09-10,0.0,0.0,2026-08-31,2026-08-14,0.10339999999999999,0.1704,2026-09-10
NUVB,2026-09-10,0.0,0.0,2026-08-14,2026-07-31,0.09515000000000001,0.19510000000000002,2026-09-10
RCUS,2026-09-10,0.0,0.0,2026-08-14,2026-07-31,0.13089,0.2191,2026-09-10
REPL,2026-09-10,0.0,0.0,2026-08-31,2026-08-14,0.18939,0.23199999999999998,2026-09-10
RH,2026-09-10,0.0,0.0,2026-08-14,2026-07-31,0.16835,0.1761,2026-09-10
ZLAB,2026-09-10,0.0,0.0,2026-08-31,2026-08-14,0.33475,0.2299,2026-09-10
