symbol,expiry,strike,right,bid,ask,last,iv,delta,gamma,open_interest,volume,iv_percentile,quote_time,multiplier,vega,theta
US.M260918C17000,2026-09-18,17.0,C,3.35,4.15,3.75,1.21675,0.877029475,0.056633649,15280.0,4.0,,2026-09-10 13:40:40,100,0.006,-0.04949
US.M260918P22000,2026-09-18,22.0,P,1.65,1.86,1.75,0.65956,-0.7549258,0.162419978,12344.0,326.0,,2026-09-10 15:48:52,100,0.00927,-0.03938
US.M260918P17000,2026-09-18,17.0,P,0.0,0.01,0.015,0.6531999999999999,-0.020441647,0.025562548,10855.0,0.0,,2026-09-10 09:30:00,100,0.00145,-0.00561
US.M270115C23000,2027-01-15,23.0,C,1.0,1.34,1.1,0.41229,0.383275113,0.076685096,10340.0,194.0,,2026-09-10 15:53:34,100,0.04608,-0.00822
US.M260918P23000,2026-09-18,23.0,P,2.58,2.84,2.74,0.8197199999999999,-0.819175681,0.109665791,4610.0,81.0,,2026-09-10 15:47:14,100,0.00776,-0.04025
US.M260918C24000,2026-09-18,24.0,C,0.0,0.04,0.04,0.6489100000000001,0.051469628,0.055071984,4417.0,64.0,,2026-09-10 15:20:43,100,0.00311,-0.01257
US.M270115P8000,2027-01-15,8.0,P,0.0,0.6,0.0152,0.68268,-0.005074764,0.001770899,4391.0,0.0,,2026-09-10 09:30:00,100,0.00177,-0.00046
US.M260918C26000,2026-09-18,26.0,C,0.0,0.01,0.02,0.80354,0.023390957,0.023289589,3921.0,15.0,,2026-09-10 12:21:20,100,0.00163,-0.00775
US.M260918P26000,2026-09-18,26.0,P,5.1,6.35,5.72,1.35257,-0.869058914,0.053757592,3640.0,30.0,,2026-09-10 15:06:09,100,0.00627,-0.05287
US.M270115P10000,2027-01-15,10.0,P,0.0,0.08,0.0369,0.60329,-0.012803317,0.004525427,2961.0,0.0,,2026-09-10 09:30:00,100,0.00399,-0.00092
US.M270115C30000,2027-01-15,30.0,C,0.0,0.42,0.2,0.42827,0.091773706,0.031861682,2958.0,11.0,,2026-09-10 11:24:01,100,0.01988,-0.00353
US.M270115C25000,2027-01-15,25.0,C,0.6,0.7,0.64,0.39972,0.252094601,0.066134049,2787.0,164.0,,2026-09-10 15:54:01,100,0.03853,-0.00656
US.M260918C25000,2026-09-18,25.0,C,0.01,0.05,0.01,0.7400100000000001,0.03588136,0.036084522,2397.0,167.0,,2026-09-10 15:46:17,100,0.00232,-0.01046
US.M270115C27000,2027-01-15,27.0,C,0.34,0.45,0.7159,0.40926,0.167002839,0.050628108,2396.0,0.0,,2026-09-10 09:30:00,100,0.03019,-0.0052
US.M270115C13000,2027-01-15,13.0,C,7.25,8.4,7.95,0.53369,0.950437637,0.015893509,2289.0,1.0,,2026-09-10 09:42:21,100,0.01236,-0.00384
US.M261016P19000,2026-10-16,19.0,P,0.26,0.49,0.41,0.39228,-0.238827173,0.12374447,2051.0,69.0,,2026-09-10 15:44:42,100,0.01982,-0.01048
US.M270115P17000,2027-01-15,17.0,P,0.65,0.86,0.64,0.48477,-0.200363513,0.048080279,1883.0,30.0,,2026-09-10 13:32:41,100,0.03381,-0.00603
US.M260918P21000,2026-09-18,21.0,P,0.8,1.02,0.81,0.53611,-0.604330635,0.243988356,1844.0,392.0,,2026-09-10 15:51:33,100,0.01137,-0.04023
US.M270115P20000,2027-01-15,20.0,P,1.43,2.39,1.86,0.47908,-0.394924161,0.067443336,1733.0,75.0,,2026-09-10 15:12:23,100,0.04639,-0.00791
US.M260918C30000,2026-09-18,30.0,C,0.0,0.06,0.04,1.3195500000000002,0.028472621,0.016718347,1732.0,1.0,,2026-09-10 09:59:41,100,0.00192,-0.01509
US.M270115C15000,2027-01-15,15.0,C,5.0,6.5,6.722,0.31234,0.968793039,0.018641368,1455.0,0.0,,2026-09-10 09:30:00,100,0.00848,-0.00254
US.M260918P20000,2026-09-18,20.0,P,0.22,0.37,0.4,0.44014000000000003,-0.332493777,0.279672709,1356.0,462.0,,2026-09-10 15:55:29,100,0.01072,-0.03139
US.M261120C24000,2026-11-20,24.0,C,0.37,0.39,0.38,0.38329,0.210107844,0.083413555,1273.0,19.0,,2026-09-10 14:07:58,100,0.02598,-0.00747
US.M260918P25000,2026-09-18,25.0,P,4.3,4.9,4.73,0.9799599999999999,-0.909645499,0.057745211,1232.0,11.0,,2026-09-10 15:02:40,100,0.00479,-0.028
US.M261218P10000,2026-12-18,10.0,P,0.0,0.83,0.035,0.67616,-0.012372454,0.004444016,1207.0,0.0,,2026-09-10 09:30:00,100,0.00341,-0.00113
US.M260918C23000,2026-09-18,23.0,C,0.01,0.06,0.1,0.49277,0.057741053,0.079424405,1193.0,258.0,,2026-09-10 15:51:17,100,0.00341,-0.01056
US.M261218P17000,2026-12-18,17.0,P,0.48,0.57,0.51,0.46523000000000003,-0.17507032,0.05215271,1165.0,10.0,,2026-09-10 15:38:33,100,0.02745,-0.0061
US.M260918C22000,2026-09-18,22.0,C,0.06,0.09,0.07,0.41332,0.126597,0.170138975,1142.0,581.0,,2026-09-10 15:58:38,100,0.00613,-0.01671
US.M260918C20000,2026-09-18,20.0,C,0.65,0.79,0.69,0.35373,0.700505235,0.332561371,1095.0,959.0,,2026-09-10 15:44:38,100,0.01025,-0.02606
US.M270115C17000,2027-01-15,17.0,C,4.0,4.3,4.2,0.38155,0.842662989,0.052236769,1045.0,5.0,,2026-09-10 13:23:21,100,0.02905,-0.00578
US.M260918C27000,2026-09-18,27.0,C,0.0,0.2,0.01,0.82595,0.01227847,0.013061517,1018.0,3.0,,2026-09-10 12:45:38,100,0.00094,-0.00441
US.M270115P3000,2027-01-15,3.0,P,0.0,1.2,0.0003,0.94069,-8.6759e-05,2.9579e-05,1014.0,0.0,,2026-09-10 09:30:00,100,4e-05,-1e-05
US.M261016P20000,2026-10-16,20.0,P,0.69,0.94,0.8,0.42765000000000003,-0.391066618,0.140904918,1005.0,554.0,,2026-09-10 15:45:00,100,0.02455,-0.01403
US.M260918P20500,2026-09-18,20.5,P,0.44,0.63,0.53,0.46093000000000006,-0.48240165,0.293288353,1000.0,179.0,,2026-09-10 15:40:00,100,0.01176,-0.03605
US.M261120P24000,2026-11-20,24.0,P,3.7,4.2,3.8,0.46265,-0.747023331,0.081654646,992.0,1.0,,2026-09-10 15:11:02,100,0.02857,-0.00793
US.M261218P8000,2026-12-18,8.0,P,0.0,0.58,0.0163,0.7788299999999999,-0.005388072,0.001857403,929.0,0.0,,2026-09-10 09:30:00,100,0.00164,-0.00063
US.M270115C20000,2027-01-15,20.0,C,2.15,2.49,2.2,0.40541,0.609993607,0.078381456,928.0,18.0,,2026-09-10 15:48:43,100,0.04632,-0.00851
US.M270115C22000,2027-01-15,22.0,C,1.26,1.64,1.39,0.40338,0.451587565,0.081305911,923.0,169.0,,2026-09-10 15:24:29,100,0.04781,-0.00846
US.M260918P24000,2026-09-18,24.0,P,3.45,3.85,3.58,0.91462,-0.870747778,0.079158429,908.0,30.0,,2026-09-10 15:11:02,100,0.00621,-0.035
US.M261016C26000,2026-10-16,26.0,C,0.01,0.11,0.2237,0.44378999999999996,0.052748053,0.037890206,882.0,0.0,,2026-09-10 09:30:00,100,0.00688,-0.00434
US.M261218C22000,2026-12-18,22.0,C,0.94,1.52,1.22,0.41022,0.430427417,0.089874541,876.0,36.0,,2026-09-10 14:25:17,100,0.04186,-0.00953
US.M260918C28000,2026-09-18,28.0,C,0.0,0.41,0.01,0.9186,0.011195448,0.010839628,805.0,5.0,,2026-09-10 11:50:37,100,0.00086,-0.0045
US.M270115P5000,2027-01-15,5.0,P,0.0,1.0,0.0024,0.82327,-0.000753118,0.000258447,775.0,0.0,,2026-09-10 09:30:00,100,0.00031,-0.0001
US.M261120C25000,2026-11-20,25.0,C,0.22,0.26,0.25,0.38134,0.145856145,0.066545908,734.0,3.0,,2026-09-10 15:44:34,100,0.02062,-0.00585
US.M261218P12000,2026-12-18,12.0,P,0.0,0.1,0.065,0.5792,-0.024917948,0.009434198,723.0,0.0,,2026-09-10 09:30:00,100,0.00621,-0.00176
US.M270115C12000,2027-01-15,12.0,C,7.3,9.8,9.5518,0.0,0.0,0.0,722.0,0.0,,2026-09-10 09:30:00,100,0.0,0.0
US.M261218C25000,2026-12-18,25.0,C,0.44,0.61,0.54,0.41898,0.225398588,0.067243456,719.0,266.0,,2026-09-10 15:02:15,100,0.03198,-0.00723
US.M270115C24000,2027-01-15,24.0,C,0.77,0.89,0.8,0.39398000000000005,0.306732236,0.07381992,707.0,52.0,,2026-09-10 15:45:12,100,0.04239,-0.00718
US.M261218P5000,2026-12-18,5.0,P,0.0,0.8,0.0033,0.9606999999999999,-0.0009935,0.000325099,630.0,0.0,,2026-09-10 09:30:00,100,0.00035,-0.00017
US.M261016C27000,2026-10-16,27.0,C,0.0,0.08,0.1498,0.60577,0.089852132,0.041834562,614.0,0.0,,2026-09-10 09:30:00,100,0.01037,-0.00894
US.M261120P12000,2026-11-20,12.0,P,0.0,0.08,0.0193,0.5623400000000001,-0.010268377,0.005368127,600.0,0.0,,2026-09-10 09:30:00,100,0.00246,-0.00094
US.M260918C22500,2026-09-18,22.5,C,0.0,0.07,0.05,0.45348,0.083808349,0.114964416,590.0,80.0,,2026-09-10 15:24:55,100,0.00454,-0.01325
US.M260918P12000,2026-09-18,12.0,P,0.0,0.05,0.0001,1.03906,-0.000128041,0.000162107,571.0,0.0,,2026-09-10 09:30:00,100,1e-05,-6e-05
US.M261218P22000,2026-12-18,22.0,P,2.65,2.93,2.64,0.47408,-0.553730238,0.080184743,552.0,11.0,,2026-09-10 12:00:19,100,0.04197,-0.00892
US.M260918P22500,2026-09-18,22.5,P,2.0,2.36,1.99,0.68143,-0.814699672,0.134155269,550.0,120.0,,2026-09-10 15:48:11,100,0.00788,-0.03382
US.M260918P15000,2026-09-18,15.0,P,0.0,0.02,0.01,0.96207,-0.009938428,0.009327864,533.0,20.0,,2026-09-10 12:18:50,100,0.00078,-0.00428
US.M261120C22000,2026-11-20,22.0,C,0.76,0.9,0.8,0.37671999999999994,0.382886282,0.112345148,506.0,42.0,,2026-09-10 15:45:10,100,0.0344,-0.00995
US.M261120P11000,2026-11-20,11.0,P,0.0,0.26,0.0092,0.58528,-0.005042844,0.002751917,500.0,0.0,,2026-09-10 09:30:00,100,0.00131,-0.00052
US.M261120P10000,2026-11-20,10.0,P,0.0,0.03,0.004,0.6083700000000001,-0.002253565,0.001281188,500.0,0.0,,2026-09-10 09:30:00,100,0.00063,-0.00026
US.M260925C24500,2026-09-25,24.5,C,0.0,0.05,0.03,0.48735,0.038728227,0.042043023,495.0,5.0,,2026-09-10 15:13:38,100,0.00343,-0.00558
US.M261120C32000,2026-11-20,32.0,C,0.0,0.1,0.0719,0.53342,0.040184025,0.017982877,477.0,0.0,,2026-09-10 09:30:00,100,0.00779,-0.00299
US.M261120C23000,2026-11-20,23.0,C,0.49,0.66,0.58,0.38264000000000004,0.289507905,0.099130546,468.0,26.0,,2026-09-10 15:17:43,100,0.03083,-0.00894
US.M261120C26000,2026-11-20,26.0,C,0.14,0.22,0.18,0.39964,0.1109753,0.052511113,465.0,5.0,,2026-09-10 15:01:58,100,0.01705,-0.00503
US.M261218P20000,2026-12-18,20.0,P,1.48,1.74,1.56,0.4637,-0.398057199,0.078931285,430.0,2.0,,2026-09-10 14:15:06,100,0.04104,-0.0088
US.M270115P15000,2027-01-15,15.0,P,0.23,0.31,0.27,0.46270000000000006,-0.092154429,0.02961752,406.0,6.0,,2026-09-10 15:16:03,100,0.01994,-0.00344
US.M261002C22000,2026-10-02,22.0,C,0.21,0.43,0.26,0.41646,0.2662808,0.158185283,392.0,93.0,,2026-09-10 15:58:36,100,0.01636,-0.01643
US.M261120C27000,2026-11-20,27.0,C,0.08,0.26,0.14,0.43894,0.098359892,0.043807073,388.0,1.0,,2026-09-10 10:53:28,100,0.01563,-0.00503
US.M260918P10000,2026-09-18,10.0,P,0.0,1.12,0.0001,1.3749600000000002,-9.7359e-05,9.4789e-05,387.0,0.0,,2026-09-10 09:30:00,100,1e-05,-6e-05
US.M260918C23500,2026-09-18,23.5,C,0.0,0.05,0.05,0.60756,0.06585731,0.071385358,377.0,73.0,,2026-09-10 14:51:38,100,0.00378,-0.01451
US.M261218P24000,2026-12-18,24.0,P,3.55,4.45,4.17,0.41744,-0.728741318,0.080949711,372.0,6.0,,2026-09-10 13:49:37,100,0.03487,-0.00603
US.M261120P25000,2026-11-20,25.0,P,4.0,5.85,4.0428,0.5193099999999999,-0.77432984,0.068873038,371.0,0.0,,2026-09-10 09:30:00,100,0.02683,-0.00836
US.M260918P18000,2026-09-18,18.0,P,0.0,0.1,0.12,0.76173,-0.106178558,0.081488825,369.0,22.0,,2026-09-10 15:55:51,100,0.00541,-0.02656
US.M260918P21500,2026-09-18,21.5,P,1.07,1.42,1.21,0.52678,-0.719733055,0.217819774,342.0,143.0,,2026-09-10 14:21:24,100,0.00993,-0.03377
US.M270115C28000,2027-01-15,28.0,C,0.25,0.36,0.32,0.41257,0.134358264,0.043442648,337.0,9.0,,2026-09-10 12:21:09,100,0.02612,-0.00451
US.M270115P22000,2027-01-15,22.0,P,2.59,3.35,2.79,0.46301000000000003,-0.536064434,0.073159703,326.0,12.0,,2026-09-10 12:22:57,100,0.04776,-0.00759
US.M260918C29000,2026-09-18,29.0,C,0.0,0.96,0.0225,1.1207099999999999,0.019570842,0.014361781,302.0,0.0,,2026-09-10 09:30:00,100,0.0014,-0.00916
US.M270115C8000,2027-01-15,8.0,C,11.45,14.35,13.5136,1.1457,0.960101141,0.006216625,296.0,0.0,,2026-09-10 09:30:00,100,0.01038,-0.00541
US.M261120P23000,2026-11-20,23.0,P,3.0,3.25,2.94,0.44586,-0.681137381,0.092514946,276.0,3.0,,2026-09-10 11:58:06,100,0.032,-0.00876
US.M261218C20000,2026-12-18,20.0,C,1.72,2.29,2.0,0.38991,0.608348378,0.092455267,275.0,266.0,,2026-09-10 15:44:42,100,0.04093,-0.00922
US.M261218P15000,2026-12-18,15.0,P,0.05,0.41,0.2,0.49777,-0.084712325,0.029282974,271.0,2.0,,2026-09-10 15:46:28,100,0.01653,-0.00398
US.M261120P15000,2026-11-20,15.0,P,0.01,0.19,0.11,0.47494,-0.05121067,0.024541377,269.0,1.0,,2026-09-10 10:25:49,100,0.00947,-0.00306
US.M261218C27000,2026-12-18,27.0,C,0.23,0.32,0.28,0.41881,0.133934096,0.048386296,258.0,5.0,,2026-09-10 14:50:51,100,0.023,-0.00514
US.M270115C32000,2027-01-15,32.0,C,0.08,0.15,0.11,0.42950000000000005,0.056991765,0.022061578,256.0,1.0,,2026-09-10 12:47:23,100,0.01381,-0.00244
US.M260918P8000,2026-09-18,8.0,P,0.0,0.82,0.0001,1.7846700000000002,-7.5163e-05,5.728e-05,255.0,0.0,,2026-09-10 09:30:00,100,0.0,-6e-05
US.M270115P13000,2027-01-15,13.0,P,0.03,0.17,0.06,0.48679,-0.037948407,0.014036939,251.0,6.0,,2026-09-10 15:54:01,100,0.00996,-0.00183
US.M260918C32000,2026-09-18,32.0,C,0.0,0.77,0.02,1.3596199999999998,0.014949684,0.009404123,249.0,14.0,,2026-09-10 13:45:52,100,0.00111,-0.00865
US.M270115P25000,2027-01-15,25.0,P,5.05,5.3,5.0,0.47399,-0.713430842,0.064720152,249.0,2.0,,2026-09-10 11:32:27,100,0.0406,-0.0062
US.M260918P19000,2026-09-18,19.0,P,0.01,0.12,0.12,0.43334000000000006,-0.103693196,0.140810207,247.0,50.0,,2026-09-10 15:46:22,100,0.00531,-0.01473
US.M270115C35000,2027-01-15,35.0,C,0.02,0.32,0.0788,0.53534,0.067315954,0.020155406,247.0,0.0,,2026-09-10 09:30:00,100,0.01572,-0.00344
US.M260925C24000,2026-09-25,24.0,C,0.0,0.13,0.05,0.48773000000000005,0.060254514,0.059818542,246.0,17.0,,2026-09-10 12:37:04,100,0.00489,-0.00807
US.M260918C21000,2026-09-18,21.0,C,0.21,0.26,0.26,0.36451999999999996,0.338253212,0.339676407,246.0,706.0,,2026-09-10 15:59:43,100,0.01079,-0.0274
US.M260918C24500,2026-09-18,24.5,C,0.01,0.24,0.1,0.92149,0.101999764,0.065424372,245.0,15.0,,2026-09-10 12:55:22,100,0.00525,-0.03122
US.M261120C28000,2026-11-20,28.0,C,0.04,0.18,0.09,0.43646,0.068266822,0.033463265,242.0,1.0,,2026-09-10 13:00:56,100,0.01187,-0.00378
US.M270115P23000,2027-01-15,23.0,P,3.5,3.75,3.55,0.4608,-0.603348162,0.072311252,240.0,124.0,,2026-09-10 14:58:37,100,0.04625,-0.00716
US.M270115C29000,2027-01-15,29.0,C,0.13,0.29,0.22,0.40411,0.099980303,0.035962814,238.0,7.0,,2026-09-10 15:44:38,100,0.02118,-0.00356
US.M270115C26000,2027-01-15,26.0,C,0.45,0.54,0.6,0.40115,0.203077055,0.058331518,237.0,2.0,,2026-09-10 10:23:02,100,0.0341,-0.00579
US.M261218C29000,2026-12-18,29.0,C,0.02,0.2,0.12,0.39856,0.064251757,0.029587883,231.0,1.0,,2026-09-10 10:48:11,100,0.01338,-0.00282
US.M261120P17000,2026-11-20,17.0,P,0.27,0.51,0.27,0.48499000000000003,-0.154657964,0.054493024,231.0,73.0,,2026-09-10 14:59:05,100,0.02144,-0.00703
US.M261218P27000,2026-12-18,27.0,P,6.0,7.6,6.0567,0.50873,-0.825179964,0.055552665,231.0,0.0,,2026-09-10 09:30:00,100,0.02687,-0.00548
US.M261016C22000,2026-10-16,22.0,C,0.35,0.45,0.4,0.35772,0.293722372,0.150406202,224.0,760.0,,2026-09-10 15:11:18,100,0.02203,-0.01172
US.M261120C30000,2026-11-20,30.0,C,0.0,0.1,0.05,0.44165,0.034059765,0.018973595,223.0,2.0,,2026-09-10 14:42:12,100,0.00681,-0.00217
US.M260918P27000,2026-09-18,27.0,P,5.75,7.75,5.6774,1.53936,-0.87094884,0.046729283,222.0,0.0,,2026-09-10 09:30:00,100,0.00621,-0.05963
US.M261218P25000,2026-12-18,25.0,P,4.85,5.2,5.1,0.48258,-0.746037934,0.067695172,222.0,10.0,,2026-09-10 15:02:40,100,0.03374,-0.00682
US.M270115P21000,2027-01-15,21.0,P,2.17,2.51,2.1357,0.45710999999999996,-0.467416587,0.073511224,220.0,0.0,,2026-09-10 09:30:00,100,0.04786,-0.00764
US.M261218C28000,2026-12-18,28.0,C,0.01,0.25,0.22,0.38016,0.076963152,0.035638123,218.0,30.0,,2026-09-10 12:28:22,100,0.01538,-0.0031
US.M261218P21000,2026-12-18,21.0,P,2.02,2.31,2.1,0.46978000000000003,-0.477780844,0.080870665,214.0,31.0,,2026-09-10 15:10:21,100,0.04233,-0.00907
US.M261218P23000,2026-12-18,23.0,P,3.35,3.6,3.28,0.47623,-0.62489344,0.07753341,210.0,55.0,,2026-09-10 11:22:36,100,0.04019,-0.00841
US.M261120C20000,2026-11-20,20.0,C,1.46,1.8,1.75,0.36164,0.6110545,0.117568596,202.0,22.0,,2026-09-10 15:22:57,100,0.03456,-0.01004
US.M261120C31000,2026-11-20,31.0,C,0.0,0.11,0.103,0.53698,0.054692148,0.022872455,198.0,0.0,,2026-09-10 09:30:00,100,0.00998,-0.00387
US.M261120P22000,2026-11-20,22.0,P,2.08,2.57,2.52,0.41824,-0.604902845,0.104896309,195.0,34.0,,2026-09-10 13:35:33,100,0.03457,-0.00903
US.M261002P20000,2026-10-02,20.0,P,0.53,0.65,0.57,0.42497999999999997,-0.378041204,0.179950305,192.0,67.0,,2026-09-10 15:17:32,100,0.01893,-0.01806
US.M261218C30000,2026-12-18,30.0,C,0.03,0.16,0.13,0.41664,0.054643334,0.024927916,190.0,4.0,,2026-09-10 11:21:27,100,0.01179,-0.00258
US.M261016P21000,2026-10-16,21.0,P,1.08,1.45,1.35,0.40203000000000005,-0.542054799,0.155818657,188.0,162.0,,2026-09-10 15:45:01,100,0.02534,-0.0133
US.M260925C25000,2026-09-25,25.0,C,0.0,0.28,0.18,0.7884099999999999,0.120804621,0.062228539,188.0,0.0,,2026-09-10 09:30:00,100,0.00823,-0.02226
US.M261120P20000,2026-11-20,20.0,P,1.07,1.41,1.02,0.43454,-0.398345304,0.099316741,188.0,1.0,,2026-09-10 10:25:49,100,0.03474,-0.00987
US.M261120P21000,2026-11-20,21.0,P,1.64,1.79,1.75,0.42152,-0.502563673,0.106546247,186.0,21.0,,2026-09-10 15:49:10,100,0.03588,-0.00969
US.M270115P12000,2027-01-15,12.0,P,0.0,0.12,0.0769,0.5293,-0.027864386,0.010001827,186.0,0.0,,2026-09-10 09:30:00,100,0.00772,-0.00155
US.M270115P18000,2027-01-15,18.0,P,0.94,1.01,0.95,0.45872,-0.254711059,0.058304252,183.0,11.0,,2026-09-10 15:19:19,100,0.0387,-0.00646
US.M270219C34000,2027-02-19,34.0,C,0.06,0.22,0.3565,0.43414,0.060898882,0.020350097,176.0,0.0,,2026-09-10 09:30:00,100,0.01643,-0.00231
US.M261120P14000,2026-11-20,14.0,P,0.0,0.12,0.06,0.5036999999999999,-0.03118942,0.0154598,176.0,71.0,,2026-09-10 15:13:48,100,0.00633,-0.00218
US.M260925P22000,2026-09-25,22.0,P,1.56,1.94,1.67,0.47999,-0.751515755,0.163590342,155.0,19.0,,2026-09-10 13:06:55,100,0.01294,-0.01998
US.M261218C35000,2026-12-18,35.0,C,0.0,0.1,0.0999,0.55096,0.045711597,0.016350038,153.0,0.0,,2026-09-10 09:30:00,100,0.01022,-0.00292
US.M260918P18500,2026-09-18,18.5,P,0.0,0.07,0.02,0.41585,-0.039514491,0.06945969,151.0,10.0,,2026-09-10 10:15:08,100,0.00251,-0.00637
US.M261218P26000,2026-12-18,26.0,P,5.65,6.7,5.95,0.58058,-0.736486875,0.05643506,151.0,30.0,,2026-09-10 15:06:09,100,0.0345,-0.00861
US.M261218C23000,2026-12-18,23.0,C,0.69,1.13,0.91,0.40715,0.348915197,0.085278359,147.0,59.0,,2026-09-10 15:02:02,100,0.03942,-0.00881
US.M261218C15000,2026-12-18,15.0,C,5.45,6.5,5.7,0.5487299999999999,0.898779879,0.030280917,144.0,51.0,,2026-09-10 15:10:14,100,0.01886,-0.00657
US.M260918C35000,2026-09-18,35.0,C,0.0,0.04,0.0004,1.09785,0.000486902,0.000534819,136.0,0.0,,2026-09-10 09:30:00,100,5e-05,-0.00026
US.M261218C33000,2026-12-18,33.0,C,0.0,0.13,0.1479,0.54162,0.065147825,0.022007923,134.0,0.0,,2026-09-10 09:30:00,100,0.01353,-0.00382
US.M260918P19500,2026-09-18,19.5,P,0.13,0.24,0.17,0.47868,-0.220400182,0.209744614,133.0,44.0,,2026-09-10 15:51:59,100,0.00875,-0.02763
US.M270115C31000,2027-01-15,31.0,C,0.11,0.17,0.15,0.42162,0.068523216,0.025945068,133.0,3.0,,2026-09-10 15:40:49,100,0.01594,-0.00277
US.M261120C29000,2026-11-20,29.0,C,0.05,0.16,0.07,0.46968000000000004,0.061866677,0.028809037,133.0,13.0,,2026-09-10 12:38:00,100,0.011,-0.00375
US.M260918C15000,2026-09-18,15.0,C,5.35,5.85,5.96,1.38814,0.952148108,0.024290022,133.0,6.0,,2026-09-10 12:02:01,100,0.00294,-0.02705
US.M261120P18000,2026-11-20,18.0,P,0.35,0.54,0.44,0.41017000000000003,-0.197972354,0.075434848,132.0,16.0,,2026-09-10 11:51:01,100,0.02506,-0.00687
US.M261002C23000,2026-10-02,23.0,C,0.04,0.24,0.12,0.41064,0.140157187,0.108832848,130.0,60.0,,2026-09-10 14:41:05,100,0.01109,-0.0108
US.M261002P22500,2026-10-02,22.5,P,1.81,2.57,2.03,0.42732,-0.799070569,0.136852715,128.0,2.0,,2026-09-10 10:30:31,100,0.01391,-0.01232
US.M261016P22000,2026-10-16,22.0,P,1.88,2.15,2.0,0.4413,-0.665112694,0.131546386,127.0,89.0,,2026-09-10 14:10:31,100,0.02324,-0.01314
US.M270115P24000,2027-01-15,24.0,P,4.25,4.5,4.3,0.46698,-0.661800723,0.068899728,125.0,2.0,,2026-09-10 13:12:12,100,0.04376,-0.00673
US.M261016P24000,2026-10-16,24.0,P,3.5,4.05,3.5,0.53208,-0.806183155,0.084702579,120.0,7.0,,2026-09-10 12:44:00,100,0.01746,-0.0115
US.M261218C24000,2026-12-18,24.0,C,0.43,0.73,0.69,0.3814,0.260120062,0.079831001,117.0,20.0,,2026-09-10 15:18:31,100,0.03456,-0.00719
US.M261120P27000,2026-11-20,27.0,P,5.9,7.8,5.7453,0.60431,-0.819787668,0.053007292,114.0,0.0,,2026-09-10 09:30:00,100,0.02339,-0.00839
US.M261016C23000,2026-10-16,23.0,C,0.14,0.37,0.21,0.38829,0.195627007,0.111161535,111.0,163.0,,2026-09-10 15:32:08,100,0.01767,-0.01005
US.M270115P19000,2027-01-15,19.0,P,1.24,1.41,1.1917,0.45126,-0.322311535,0.066452493,110.0,0.0,,2026-09-10 09:30:00,100,0.04324,-0.00701
US.M261002C25500,2026-10-02,25.5,C,0.0,0.63,0.1661,0.6766500000000001,0.109268523,0.055488518,109.0,0.0,,2026-09-10 09:30:00,100,0.00932,-0.0147
US.M261120P19000,2026-11-20,19.0,P,0.7,0.84,0.69,0.41783000000000003,-0.294129389,0.091905685,109.0,2.0,,2026-09-10 10:10:03,100,0.03103,-0.00858
US.M261218C26000,2026-12-18,26.0,C,0.32,0.6,0.38,0.44637,0.194058231,0.057794087,108.0,2.0,,2026-09-10 15:34:43,100,0.02928,-0.007
US.M261120P26000,2026-11-20,26.0,P,5.0,6.55,4.8837,0.51768,-0.827761593,0.061409505,106.0,0.0,,2026-09-10 09:30:00,100,0.02265,-0.0068
US.M261120C35000,2026-11-20,35.0,C,0.0,0.08,0.0236,0.52521,0.015101907,0.008043108,104.0,0.0,,2026-09-10 09:30:00,100,0.00343,-0.00128
US.M261120C18000,2026-11-20,18.0,C,2.8,3.55,4.2693,0.4484,0.787028447,0.07186787,103.0,0.0,,2026-09-10 09:30:00,100,0.02619,-0.00971
US.M260925C22500,2026-09-25,22.5,C,0.07,0.13,0.11,0.39141,0.128987496,0.131218137,101.0,91.0,,2026-09-10 14:52:20,100,0.00861,-0.01174
US.M261002C24000,2026-10-02,24.0,C,0.03,0.13,0.06,0.44351999999999997,0.082789304,0.069013244,100.0,2.0,,2026-09-10 13:14:38,100,0.0076,-0.00787
US.M260925C21500,2026-09-25,21.5,C,0.17,0.35,0.25,0.37593000000000004,0.282387329,0.219481025,100.0,680.0,,2026-09-10 14:51:01,100,0.01384,-0.01862
US.M270219P15000,2027-02-19,15.0,P,0.31,0.54,0.4388,0.47551000000000004,-0.116172795,0.030213317,99.0,0.0,,2026-09-10 09:30:00,100,0.02665,-0.00366
US.M260918C21500,2026-09-18,21.5,C,0.02,0.21,0.14,0.36774999999999997,0.195653023,0.254369303,93.0,123.0,,2026-09-10 15:38:51,100,0.00815,-0.0203
US.M270219P28000,2027-02-19,28.0,P,7.1,8.7,7.163,0.48562,-0.799061694,0.051819696,92.0,0.0,,2026-09-10 09:30:00,100,0.03721,-0.0042
US.M260918P23500,2026-09-18,23.5,P,2.76,3.75,2.92,0.97395,-0.816060345,0.093130414,85.0,11.0,,2026-09-10 11:22:36,100,0.00784,-0.04865
US.M261120C17000,2026-11-20,17.0,C,3.05,4.6,5.028,0.38643,0.890775125,0.053690278,85.0,0.0,,2026-09-10 09:30:00,100,0.01686,-0.00615
US.M260925P23000,2026-09-25,23.0,P,2.3,2.95,2.75,0.51814,-0.855497918,0.111438975,84.0,16.0,,2026-09-10 15:11:31,100,0.00926,-0.0148
US.M260925C23500,2026-09-25,23.5,C,0.0,0.2,0.07,0.47091,0.082601645,0.078947413,84.0,44.0,,2026-09-10 10:52:46,100,0.00623,-0.01004
US.M261218P19000,2026-12-18,19.0,P,1.07,1.36,1.09,0.47728000000000004,-0.320421474,0.070838375,83.0,3.0,,2026-09-10 13:52:58,100,0.03808,-0.00853
US.M260918C27500,2026-09-18,27.5,C,0.0,0.25,0.0396,1.06685,0.033682376,0.02376305,80.0,0.0,,2026-09-10 09:30:00,100,0.00221,-0.0142
US.M260925P21500,2026-09-25,21.5,P,1.11,1.5,1.3,0.42941,-0.691382483,0.202430012,79.0,9.0,,2026-09-10 13:33:39,100,0.01439,-0.02007
US.M270115C33000,2027-01-15,33.0,C,0.04,0.18,0.1354,0.44901,0.052945143,0.019909414,75.0,0.0,,2026-09-10 09:30:00,100,0.01303,-0.0024
US.M261120P16000,2026-11-20,16.0,P,0.12,0.22,0.2009,0.45237,-0.083773712,0.037752658,75.0,0.0,,2026-09-10 09:30:00,100,0.01387,-0.00426
US.M260925C23000,2026-09-25,23.0,C,0.01,0.08,0.07,0.37309,0.068735412,0.086622771,72.0,32.0,,2026-09-10 15:45:06,100,0.00542,-0.0069
US.M261016C29000,2026-10-16,29.0,C,0.0,0.25,0.0615,0.60284,0.041922229,0.023201888,71.0,0.0,,2026-09-10 09:30:00,100,0.00572,-0.00485
US.M270219P23000,2027-02-19,23.0,P,3.6,4.05,3.4407,0.45411,-0.579191795,0.066246525,70.0,0.0,,2026-09-10 09:30:00,100,0.05296,-0.00623
US.M270115P27000,2027-01-15,27.0,P,6.2,7.7,6.2033,0.50739,-0.784598728,0.054802725,70.0,0.0,,2026-09-10 09:30:00,100,0.03465,-0.00548
US.M261120C19000,2026-11-20,19.0,C,2.11,2.81,3.5105,0.43463,0.702780935,0.088343281,68.0,0.0,,2026-09-10 09:30:00,100,0.03121,-0.01091
US.M261016P18000,2026-10-16,18.0,P,0.1,0.31,0.2,0.42222000000000004,-0.140199349,0.082512357,65.0,12.0,,2026-09-10 15:45:01,100,0.01425,-0.00816
US.M270115C10000,2027-01-15,10.0,C,10.35,10.7,11.5141,0.0,0.0,0.0,64.0,0.0,,2026-09-10 09:30:00,100,0.0,0.0
US.M261218C32000,2026-12-18,32.0,C,0.01,0.13,0.172,0.44688,0.039570296,0.017938372,63.0,0.0,,2026-09-10 09:30:00,100,0.0091,-0.00212
US.M261016P23000,2026-10-16,23.0,P,2.38,3.1,2.2039,0.42033000000000004,-0.789939141,0.113093005,61.0,0.0,,2026-09-10 09:30:00,100,0.0183,-0.00938
US.M261016C20000,2026-10-16,20.0,C,1.05,1.34,1.21,0.34868000000000005,0.624031032,0.170060908,61.0,156.0,,2026-09-10 15:22:14,100,0.02428,-0.01322
US.M260918C25500,2026-09-18,25.5,C,0.0,0.01,0.084,0.97478,0.069675791,0.046473356,60.0,0.0,,2026-09-10 09:30:00,100,0.00395,-0.02425
US.M261218C17000,2026-12-18,17.0,C,3.8,4.7,4.9977,0.48374,0.819128426,0.051059757,60.0,0.0,,2026-09-10 09:30:00,100,0.02804,-0.00822
US.M261002P22000,2026-10-02,22.0,P,1.76,2.07,1.82,0.49956,-0.694449575,0.14269545,56.0,19.0,,2026-09-10 15:34:12,100,0.01743,-0.01891
US.M270219C26000,2027-02-19,26.0,C,0.55,0.7,0.9911,0.38388,0.231082523,0.058137956,56.0,0.0,,2026-09-10 09:30:00,100,0.04152,-0.00537
US.M261218P18000,2026-12-18,18.0,P,0.71,0.96,0.72,0.47386,-0.245462141,0.062597774,55.0,2.0,,2026-09-10 11:44:59,100,0.0335,-0.00752
US.M260918C26500,2026-09-18,26.5,C,0.0,0.34,0.0549,1.01475,0.046726059,0.03259969,54.0,0.0,,2026-09-10 09:30:00,100,0.00288,-0.01799
US.M261016C28000,2026-10-16,28.0,C,0.0,0.09,0.0759,0.57584,0.05226496,0.028988793,54.0,0.0,,2026-09-10 09:30:00,100,0.00683,-0.00555
US.M260925C26000,2026-09-25,26.0,C,0.0,0.57,0.1139,0.8004600000000001,0.081333216,0.045906657,53.0,0.0,,2026-09-10 09:30:00,100,0.00616,-0.01672
US.M261218C18000,2026-12-18,18.0,C,3.1,3.45,3.6,0.39921999999999996,0.782630974,0.069122146,52.0,9.0,,2026-09-10 10:20:06,100,0.03132,-0.00771
US.M261002C21000,2026-10-02,21.0,C,0.07,0.76,0.48,0.30583,0.398982642,0.253281108,51.0,13.0,,2026-09-10 15:46:53,100,0.01924,-0.0146
US.M270219C29000,2027-02-19,29.0,C,0.27,0.51,0.6258,0.41916,0.148610065,0.040524376,51.0,0.0,,2026-09-10 09:30:00,100,0.0316,-0.00437
US.M260918C31000,2026-09-18,31.0,C,0.0,2.13,0.0063,1.11105,0.006232585,0.005359368,51.0,0.0,,2026-09-10 09:30:00,100,0.00051,-0.00313
US.M261009P22000,2026-10-09,22.0,P,1.82,2.15,1.59,0.47331,-0.674451599,0.134795348,49.0,41.0,,2026-09-10 10:26:52,100,0.0206,-0.01579
US.M261218P30000,2026-12-18,30.0,P,8.15,10.65,8.7316,0.0,0.0,0.0,49.0,0.0,,2026-09-10 09:30:00,100,0.0,0.0
US.M261120C21000,2026-11-20,21.0,C,1.15,1.32,1.22,0.38632,0.494986941,0.114513492,48.0,24.0,,2026-09-10 15:22:27,100,0.03596,-0.01082
US.M261002C25000,2026-10-02,25.0,C,0.0,0.5,0.2318,0.69517,0.140954252,0.064535638,47.0,0.0,,2026-09-10 09:30:00,100,0.01114,-0.01814
US.M260925P21000,2026-09-25,21.0,P,0.95,1.12,1.05,0.47052999999999995,-0.57757595,0.204042014,47.0,54.0,,2026-09-10 15:44:42,100,0.01601,-0.02507
US.M270219P22000,2027-02-19,22.0,P,3.0,3.25,3.19,0.44585,-0.521214782,0.067864274,46.0,21.0,,2026-09-10 15:12:23,100,0.05405,-0.00635
US.M261002C27000,2026-10-02,27.0,C,0.0,0.35,0.0936,0.70306,0.065228747,0.036282705,44.0,0.0,,2026-09-10 09:30:00,100,0.00633,-0.01025
US.M261016C24000,2026-10-16,24.0,C,0.1,0.15,0.13,0.38395,0.110581108,0.076809845,43.0,21.0,,2026-09-10 14:24:04,100,0.01207,-0.0067
US.M261016C25000,2026-10-16,25.0,C,0.0,0.11,0.08,0.40918999999999994,0.072160774,0.052480295,40.0,7.0,,2026-09-10 15:06:32,100,0.00879,-0.00515
US.M261009P21000,2026-10-09,21.0,P,1.08,1.35,1.34,0.42307,-0.549314401,0.164533023,38.0,3.0,,2026-09-10 15:53:44,100,0.02267,-0.01578
US.M261009C24000,2026-10-09,24.0,C,0.01,0.15,0.1,0.38401,0.08303,0.069412505,38.0,43.0,,2026-09-10 15:33:16,100,0.00876,-0.006
US.M261002C21500,2026-10-02,21.5,C,0.28,0.44,0.4,0.36402,0.31992391,0.197081379,38.0,34.0,,2026-09-10 11:52:07,100,0.01781,-0.01581
US.M260925P20000,2026-09-25,20.0,P,0.26,0.51,0.48,0.38048000000000004,-0.351434733,0.2384473,38.0,191.0,,2026-09-10 15:40:09,100,0.01518,-0.0194
US.M261016P17000,2026-10-16,17.0,P,0.01,0.14,0.09,0.4146,-0.061951337,0.046027618,37.0,9.0,,2026-09-10 15:35:04,100,0.00781,-0.00439
US.M261002C24500,2026-10-02,24.5,C,0.0,0.63,0.2976,0.7006399999999999,0.171635508,0.072910138,36.0,0.0,,2026-09-10 09:30:00,100,0.01268,-0.02091
US.M260925P22500,2026-09-25,22.5,P,2.06,2.43,2.25,0.5574600000000001,-0.780348545,0.131695288,36.0,59.0,,2026-09-10 14:10:31,100,0.01209,-0.02165
US.M270219C22000,2027-02-19,22.0,C,1.51,1.82,2.3643,0.39130000000000004,0.470156855,0.074528465,36.0,0.0,,2026-09-10 09:30:00,100,0.05426,-0.00742
US.M270115C21000,2027-01-15,21.0,C,1.53,2.3,1.91,0.41869,0.531997849,0.078660523,36.0,13.0,,2026-09-10 14:01:43,100,0.04801,-0.00891
US.M261009C23500,2026-10-09,23.5,C,0.0,0.18,0.15,0.40869,0.133383545,0.091855342,33.0,2.0,,2026-09-10 13:10:42,100,0.01234,-0.00906
US.M261002C23500,2026-10-02,23.5,C,0.0,0.26,0.51,0.7341,0.253634266,0.08751627,33.0,23.0,,2026-09-10 12:49:56,100,0.01595,-0.02777
US.M260925P23500,2026-09-25,23.5,P,2.95,3.5,3.13,0.6856699999999999,-0.822559977,0.094431704,33.0,15.0,,2026-09-10 15:05:54,100,0.01062,-0.02328
US.M270219P17000,2027-02-19,17.0,P,0.7,0.88,0.8749,0.44226999999999994,-0.202040679,0.046961415,33.0,0.0,,2026-09-10 09:30:00,100,0.03838,-0.00481
US.M260918C33000,2026-09-18,33.0,C,0.0,0.75,0.0016,1.1015000000000001,0.001774356,0.001748057,31.0,0.0,,2026-09-10 09:30:00,100,0.00016,-0.00092
US.M261002C27500,2026-10-02,27.5,C,0.0,2.18,0.0744,0.70563,0.053358309,0.030880633,30.0,0.0,,2026-09-10 09:30:00,100,0.00541,-0.00875
US.M261009P20500,2026-10-09,20.5,P,0.87,1.05,0.83,0.43274999999999997,-0.467350706,0.161032628,29.0,1.0,,2026-09-10 11:51:42,100,0.02278,-0.01642
US.M261002P21500,2026-10-02,21.5,P,1.26,1.59,1.39,0.42496,-0.653083652,0.176472535,29.0,11.0,,2026-09-10 13:33:39,100,0.01836,-0.01692
US.M260925C26500,2026-09-25,26.5,C,0.0,0.57,0.1094,0.84045,0.07559596,0.041363215,29.0,0.0,,2026-09-10 09:30:00,100,0.00583,-0.01656
US.M270115P26000,2027-01-15,26.0,P,5.35,6.2,5.3625,0.41165999999999997,-0.814244026,0.066199834,29.0,0.0,,2026-09-10 09:30:00,100,0.03133,-0.0038
US.M261218C12000,2026-12-18,12.0,C,8.05,9.8,9.5934,0.8122400000000001,0.933759901,0.014865953,29.0,0.0,,2026-09-10 09:30:00,100,0.0137,-0.00672
US.M260925P19000,2026-09-25,19.0,P,0.11,0.2,0.17,0.41579,-0.165086347,0.14585369,28.0,67.0,,2026-09-10 15:11:40,100,0.01016,-0.0142
US.M260925C27000,2026-09-25,27.0,C,0.0,0.57,0.1049,0.87824,0.070415784,0.037490336,28.0,0.0,,2026-09-10 09:30:00,100,0.00552,-0.01634
US.M260925C29000,2026-09-25,29.0,C,0.0,0.63,0.087,1.0095,0.053599355,0.026355924,28.0,0.0,,2026-09-10 09:30:00,100,0.00446,-0.01503
US.M261009C22000,2026-10-09,22.0,C,0.23,0.38,0.35,0.35185,0.262012607,0.161359058,27.0,173.0,,2026-09-10 14:46:00,100,0.01867,-0.01208
US.M270219C24000,2027-02-19,24.0,C,0.99,1.22,1.16,0.40024,0.346779735,0.067611533,27.0,1.0,,2026-09-10 10:52:16,100,0.05035,-0.00688
US.M270219P20000,2027-02-19,20.0,P,1.81,2.13,1.5353,0.4413,-0.39122349,0.06494231,27.0,0.0,,2026-09-10 09:30:00,100,0.05224,-0.00628
US.M270115C18000,2027-01-15,18.0,C,3.25,3.6,4.3304,0.38358,0.7728685,0.065101614,26.0,0.0,,2026-09-10 09:30:00,100,0.0364,-0.00684
US.M261002C22500,2026-10-02,22.5,C,0.13,0.2,0.18,0.37567,0.171473167,0.135897081,25.0,282.0,,2026-09-10 14:52:20,100,0.01267,-0.01138
US.M261002P23500,2026-10-02,23.5,P,2.88,4.35,2.64,0.82777,-0.715995759,0.082913755,25.0,0.0,,2026-09-10 09:30:00,100,0.01687,-0.03093
US.M261120P9000,2026-11-20,9.0,P,0.0,0.51,0.0016,0.63333,-0.000918093,0.000540301,25.0,0.0,,2026-09-10 09:30:00,100,0.00028,-0.00012
US.M261009C21500,2026-10-09,21.5,C,0.34,0.54,0.46,0.35244,0.343549835,0.181965538,24.0,184.0,,2026-09-10 15:03:02,100,0.02109,-0.0138
US.M261002P25500,2026-10-02,25.5,P,4.35,6.5,4.35,0.9371200000000001,-0.799852372,0.06099428,24.0,0.0,,2026-09-10 09:30:00,100,0.01393,-0.02843
US.M261002P21000,2026-10-02,21.0,P,0.7,1.23,0.95,0.35503,-0.585285558,0.222543855,24.0,4.0,,2026-09-10 10:39:43,100,0.01939,-0.01495
US.M260925P24500,2026-09-25,24.5,P,3.3,6.1,3.249,1.21295,-0.72911156,0.066988207,24.0,0.0,,2026-09-10 09:30:00,100,0.01356,-0.05507
US.M261016C21000,2026-10-16,21.0,C,0.51,0.81,0.75,0.33116999999999996,0.442470406,0.186259333,23.0,170.0,,2026-09-10 15:10:40,100,0.02526,-0.01273
US.M261002C26000,2026-10-02,26.0,C,0.0,2.19,0.142,0.6917300000000001,0.094180849,0.048711753,23.0,0.0,,2026-09-10 09:30:00,100,0.00836,-0.01344
US.M261002C26500,2026-10-02,26.5,C,0.0,0.12,0.02,0.50526,0.022233645,0.021028078,23.0,1.0,,2026-09-10 11:21:35,100,0.00264,-0.00301
US.M261218C31000,2026-12-18,31.0,C,0.06,0.15,0.1,0.4535,0.055698772,0.023250231,23.0,1.0,,2026-09-10 15:27:32,100,0.01197,-0.00284
US.M261023P20500,2026-10-23,20.5,P,1.04,1.26,1.95,0.42784999999999995,-0.460620898,0.13351336,22.0,4.0,,2026-09-10 10:05:10,100,0.02775,-0.01305
US.M261002P19500,2026-10-02,19.5,P,0.21,0.44,0.35,0.37735,-0.269578414,0.175960059,22.0,30.0,,2026-09-10 15:01:45,100,0.01645,-0.01395
US.M261002C28000,2026-10-02,28.0,C,0.0,1.73,0.0591,0.70833,0.043543702,0.026146272,22.0,0.0,,2026-09-10 09:30:00,100,0.0046,-0.00743
US.M260925C25500,2026-09-25,25.5,C,0.0,0.54,0.135,0.7827299999999999,0.095568114,0.052943373,22.0,0.0,,2026-09-10 09:30:00,100,0.00695,-0.01854
US.M261009C23000,2026-10-09,23.0,C,0.08,0.26,0.18,0.37777,0.156973166,0.110889382,21.0,34.0,,2026-09-10 15:49:23,100,0.01377,-0.00941
US.M261023C25500,2026-10-23,25.5,C,0.0,0.75,0.4306,0.63942,0.192302521,0.06106454,20.0,0.0,,2026-09-10 09:30:00,100,0.01913,-0.01474
US.M261009C22500,2026-10-09,22.5,C,0.16,0.29,0.25,0.36361,0.202087893,0.135069961,20.0,20.0,,2026-09-10 15:36:19,100,0.01615,-0.0107
US.M261009C26500,2026-10-09,26.5,C,0.0,1.25,0.1753,0.6686799999999999,0.103422604,0.04689101,20.0,0.0,,2026-09-10 09:30:00,100,0.01031,-0.01217
US.M260925C22000,2026-09-25,22.0,C,0.13,0.29,0.17,0.42374,0.21967742,0.170428827,20.0,57.0,,2026-09-10 14:51:48,100,0.01211,-0.01815
US.M261120C33000,2026-11-20,33.0,C,0.0,1.09,0.0499,0.53037,0.029254758,0.013933655,20.0,0.0,,2026-09-10 09:30:00,100,0.006,-0.00228
US.M260925P24000,2026-09-25,24.0,P,3.25,3.9,3.29,0.57806,-0.906642174,0.07586816,19.0,2.0,,2026-09-10 11:15:30,100,0.00677,-0.01164
US.M270219P18000,2027-02-19,18.0,P,0.99,1.24,1.05,0.44232999999999995,-0.261511358,0.054385688,19.0,10.0,,2026-09-10 10:51:30,100,0.04431,-0.00549
US.M261009P22500,2026-10-09,22.5,P,2.06,2.67,2.01,0.47683,-0.732237651,0.123303357,18.0,6.0,,2026-09-10 09:37:38,100,0.01882,-0.0143
US.M261218C3000,2026-12-18,3.0,C,16.65,19.6,17.62,3.1429899999999997,0.977230261,0.001613278,18.0,1.0,,2026-09-10 13:26:23,100,0.00575,-0.00938
US.M270219C30000,2027-02-19,30.0,C,0.22,0.32,0.5041,0.40505,0.112364585,0.034553029,17.0,0.0,,2026-09-10 09:30:00,100,0.02603,-0.00347
US.M261218C21000,2026-12-18,21.0,C,1.37,2.19,1.62,0.4489,0.523296158,0.083259039,17.0,102.0,,2026-09-10 13:58:12,100,0.04243,-0.01063
US.M261120P29000,2026-11-20,29.0,P,6.7,9.75,7.6759,0.0,0.0,0.0,17.0,0.0,,2026-09-10 09:30:00,100,0.0,0.0
US.M261120C15000,2026-11-20,15.0,C,4.6,6.5,6.8147,0.0,0.0,0.0,17.0,0.0,,2026-09-10 09:30:00,100,0.0,0.0
US.M260925C30500,2026-09-25,30.5,C,0.0,2.14,0.0736,1.08865,0.043598703,0.020718955,16.0,0.0,,2026-09-10 09:30:00,100,0.00378,-0.01363
US.M270219C23000,2027-02-19,23.0,C,1.09,1.49,2.0109,0.38299999999999995,0.398782545,0.073886854,16.0,0.0,,2026-09-10 09:30:00,100,0.05265,-0.00698
US.M270115C3000,2027-01-15,3.0,C,16.45,19.3,18.5123,2.3489,0.981718871,0.001581642,16.0,0.0,,2026-09-10 09:30:00,100,0.00541,-0.00525
US.M261023P24000,2026-10-23,24.0,P,3.35,4.05,3.4,0.45131,-0.829421179,0.087425632,15.0,15.0,,2026-09-10 09:56:11,100,0.01754,-0.00783
US.M261120P13000,2026-11-20,13.0,P,0.0,0.09,0.0376,0.5396500000000001,-0.019377175,0.009674679,14.0,0.0,,2026-09-10 09:30:00,100,0.00425,-0.00157
US.M260918C17500,2026-09-18,17.5,C,2.73,3.6,3.4,0.93915,0.893077165,0.066424478,13.0,4.0,,2026-09-10 11:30:48,100,0.00544,-0.03486
US.M261002C30000,2026-10-02,30.0,C,0.0,2.13,0.0236,0.7203499999999999,0.019065333,0.012948562,12.0,0.0,,2026-09-10 09:30:00,100,0.00231,-0.00373
US.M261002P20500,2026-10-02,20.5,P,0.74,0.91,0.84,0.42638,-0.471723258,0.18806743,12.0,16.0,,2026-09-10 15:11:31,100,0.01981,-0.01882
US.M270219P19000,2027-02-19,19.0,P,1.36,1.75,1.3138,0.45148000000000005,-0.326397023,0.059268389,12.0,0.0,,2026-09-10 09:30:00,100,0.04909,-0.00614
US.M270115P30000,2027-01-15,30.0,P,9.2,9.9,9.46,0.46088999999999997,-0.9319417,0.046792481,12.0,2.0,,2026-09-10 11:32:27,100,0.01438,-0.00175
US.M261023C22500,2026-10-23,22.5,C,0.14,0.45,0.45,0.32886000000000004,0.232009022,0.1325158,11.0,13.0,,2026-09-10 11:13:40,100,0.02135,-0.00873
US.M261023P22000,2026-10-23,22.0,P,1.61,2.2,1.85,0.36323,-0.687145977,0.144052803,11.0,5.0,,2026-09-10 11:42:45,100,0.02466,-0.00925
US.M261009P23000,2026-10-09,23.0,P,2.54,3.95,2.52,0.7299,-0.674195915,0.086928001,11.0,1.0,,2026-09-10 12:25:06,100,0.02063,-0.02499
US.M261002P19000,2026-10-02,19.0,P,0.02,0.33,0.23,0.35960000000000003,-0.174259951,0.143563765,11.0,3.0,,2026-09-10 15:06:32,100,0.0128,-0.01034
US.M270219P16000,2027-02-19,16.0,P,0.42,0.84,0.6566,0.47209,-0.159959009,0.037924261,11.0,0.0,,2026-09-10 09:30:00,100,0.03316,-0.00449
US.M260918P33000,2026-09-18,33.0,P,11.75,13.75,11.6373,2.26675,-0.90260564,0.026040901,11.0,0.0,,2026-09-10 09:30:00,100,0.00507,-0.07028
US.M270219C28000,2027-02-19,28.0,C,0.34,0.55,0.7476,0.40564999999999996,0.16947042,0.045638618,11.0,0.0,,2026-09-10 09:30:00,100,0.03444,-0.00464
US.M261023C22000,2026-10-23,22.0,C,0.39,0.56,0.47,0.35584000000000005,0.31455939,0.142499795,10.0,65.0,,2026-09-10 15:50:27,100,0.02485,-0.01106
US.M261023P21500,2026-10-23,21.5,P,1.46,1.86,1.5,0.40136000000000005,-0.60091375,0.139807826,10.0,10.0,,2026-09-10 09:55:24,100,0.02695,-0.01155
US.M261023C26500,2026-10-23,26.5,C,0.0,0.28,0.01,0.32397,0.013079602,0.01483605,10.0,10.0,,2026-09-10 09:45:35,100,0.00236,-0.00089
US.M261009C25000,2026-10-09,25.0,C,0.0,0.13,0.04,0.39764000000000005,0.044503982,0.041188194,10.0,3.0,,2026-09-10 15:03:35,100,0.00538,-0.00376
US.M260918P25500,2026-09-18,25.5,P,4.9,5.3,4.2137,1.05165,-0.914472139,0.051686936,10.0,0.0,,2026-09-10 09:30:00,100,0.0046,-0.02876
US.M260918C28500,2026-09-18,28.5,C,0.0,2.13,0.0282,1.11014,0.024127012,0.017302401,10.0,0.0,,2026-09-10 09:30:00,100,0.00167,-0.01097
US.M260925P18000,2026-09-25,18.0,P,0.03,0.08,0.04,0.44993,-0.065788671,0.069435354,10.0,6.0,,2026-09-10 10:34:23,100,0.00524,-0.0078
US.M260925P20500,2026-09-25,20.5,P,0.61,0.8,0.62,0.44084,-0.476271346,0.221188955,10.0,80.0,,2026-09-10 13:43:16,100,0.0163,-0.02409
US.M260925C21000,2026-09-25,21.0,C,0.05,0.6,0.45,0.31829,0.373481871,0.290444467,10.0,30.0,,2026-09-10 14:29:39,100,0.01551,-0.01797
US.M260925C31000,2026-09-25,31.0,C,0.0,2.14,0.0692,1.11167,0.040614523,0.019158366,10.0,0.0,,2026-09-10 09:30:00,100,0.00357,-0.01311
US.M261009P18000,2026-10-09,18.0,P,0.07,0.21,0.14,0.41525,-0.114662298,0.081357603,6.0,11.0,,2026-09-10 12:47:05,100,0.0111,-0.00781
US.M261009P21500,2026-10-09,21.5,P,1.48,1.67,1.48,0.44325000000000003,-0.619521797,0.151643762,6.0,17.0,,2026-09-10 14:23:57,100,0.0218,-0.01576
US.M260918C20500,2026-09-18,20.5,C,0.35,0.52,0.4,0.36233,0.516575826,0.372491863,6.0,1734.0,,2026-09-10 15:46:51,100,0.01177,-0.03023
US.M270219C21000,2027-02-19,21.0,C,1.85,2.2,2.09,0.38468,0.540274193,0.075636643,5.0,51.0,,2026-09-10 14:16:17,100,0.05414,-0.00741
US.M260925C20000,2026-09-25,20.0,C,0.75,1.05,0.89,0.37038,0.652325774,0.243522586,3.0,11.0,,2026-09-10 15:23:28,100,0.01513,-0.02087
US.M270219C27000,2027-02-19,27.0,C,0.29,0.66,0.62,0.38148000000000004,0.18668393,0.051583218,3.0,10.0,,2026-09-10 11:40:07,100,0.0366,-0.00467
US.M261023C15000,2026-10-23,15.0,C,4.5,6.15,5.7,0.0,0.0,0.0,2.0,34.0,,2026-09-10 14:20:13,100,0.0,0.0
US.M261009P24000,2026-10-09,24.0,P,2.82,4.25,3.7,0.38815,-0.929666798,0.080392964,2.0,15.0,,2026-09-10 14:09:44,100,0.00745,-0.00387
US.M261009P17500,2026-10-09,17.5,P,0.05,0.22,0.22,0.47259999999999996,-0.099498112,0.064520089,2.0,11.0,,2026-09-10 12:47:18,100,0.01002,-0.00805
US.M261023C21000,2026-10-23,21.0,C,0.49,1.0,0.82,0.33113,0.453661963,0.170911638,1.0,63.0,,2026-09-10 15:36:38,100,0.02774,-0.01176
US.M260925P19500,2026-09-25,19.5,P,0.1,0.35,0.29,0.38006999999999996,-0.237122284,0.198543212,0.0,65.0,,2026-09-10 15:44:38,100,0.01264,-0.01616
US.M260925P18500,2026-09-25,18.5,P,0.01,0.3,0.1,0.50631,-0.140110406,0.107399503,0.0,38.0,,2026-09-10 15:45:01,100,0.00911,-0.01553
US.M261009C20000,2026-10-09,20.0,C,1.0,1.15,1.08,0.33775,0.63335505,0.194306314,0.0,133.0,,2026-09-10 15:57:49,100,0.02159,-0.01413
US.M261009C20500,2026-10-09,20.5,C,0.55,1.04,0.82,0.33425,0.531609975,0.207426067,0.0,72.0,,2026-09-10 15:52:36,100,0.02281,-0.01453
US.M261009C21000,2026-10-09,21.0,C,0.49,0.84,0.66,0.37449,0.440965072,0.183683028,0.0,145.0,,2026-09-10 15:03:02,100,0.02263,-0.01584
US.M260925C20500,2026-09-25,20.5,C,0.44,0.78,0.6,0.36379,0.523010582,0.267243734,0.0,105.0,,2026-09-10 15:35:57,100,0.01631,-0.0218
US.M260925C19000,2026-09-25,19.0,C,0.82,1.99,1.55,0.0,0.0,0.0,0.0,217.0,,2026-09-10 15:44:42,100,0.0,0.0
